id,activityday,steptotal
1503960366,2016-04-12,13162.0
1503960366,2016-04-13,10735.0
1503960366,2016-04-14,10460.0
1503960366,2016-04-15,9762.0
1503960366,2016-04-16,12669.0
1503960366,2016-04-17,9705.0
1503960366,2016-04-18,13019.0
1503960366,2016-04-19,15506.0
1503960366,2016-04-20,10544.0
1503960366,2016-04-21,9819.0
1503960366,2016-04-22,12764.0
1503960366,2016-04-23,14371.0
1503960366,2016-04-24,10039.0
1503960366,2016-04-25,15355.0
1503960366,2016-04-26,13755.0
1503960366,2016-04-27,18134.0
1503960366,2016-04-28,13154.0
1503960366,2016-04-29,11181.0
1503960366,2016-04-30,14673.0
1503960366,2016-05-01,10602.0
1503960366,2016-05-02,14727.0
1503960366,2016-05-03,15103.0
1503960366,2016-05-04,11100.0
1503960366,2016-05-05,14070.0
1503960366,2016-05-06,12159.0
1503960366,2016-05-07,11992.0
1503960366,2016-05-08,10060.0
1503960366,2016-05-09,12022.0
1503960366,2016-05-10,12207.0
1503960366,2016-05-11,12770.0
1503960366,2016-05-12,0.0
1624580081,2016-04-12,8163.0
1624580081,2016-04-13,7007.0
1624580081,2016-04-14,9107.0
1624580081,2016-04-15,1510.0
1624580081,2016-04-16,5370.0
1624580081,2016-04-17,6175.0
1624580081,2016-04-18,10536.0
1624580081,2016-04-19,2916.0
1624580081,2016-04-20,4974.0
1624580081,2016-04-21,6349.0
1624580081,2016-04-22,4026.0
1624580081,2016-04-23,8538.0
1624580081,2016-04-24,6076.0
1624580081,2016-04-25,6497.0
1624580081,2016-04-26,2826.0
1624580081,2016-04-27,8367.0
1624580081,2016-04-28,2759.0
1624580081,2016-04-29,2390.0
1624580081,2016-04-30,6474.0
1624580081,2016-05-01,36019.0
1624580081,2016-05-02,7155.0
1624580081,2016-05-03,2100.0
1624580081,2016-05-04,2193.0
1624580081,2016-05-05,2470.0
1624580081,2016-05-06,1727.0
1624580081,2016-05-07,2104.0
1624580081,2016-05-08,3427.0
1624580081,2016-05-09,1732.0
1624580081,2016-05-10,2969.0
1624580081,2016-05-11,3134.0
1624580081,2016-05-12,2971.0
1644430081,2016-04-12,10694.0
1644430081,2016-04-13,8001.0
1644430081,2016-04-14,11037.0
1644430081,2016-04-15,5263.0
1644430081,2016-04-16,15300.0
1644430081,2016-04-17,8757.0
1644430081,2016-04-18,7132.0
1644430081,2016-04-19,11256.0
1644430081,2016-04-20,2436.0
1644430081,2016-04-21,1223.0
1644430081,2016-04-22,3673.0
1644430081,2016-04-23,6637.0
1644430081,2016-04-24,3321.0
1644430081,2016-04-25,3580.0
1644430081,2016-04-26,9919.0
1644430081,2016-04-27,3032.0
1644430081,2016-04-28,9405.0
1644430081,2016-04-29,3176.0
1644430081,2016-04-30,18213.0
1644430081,2016-05-01,6132.0
1644430081,2016-05-02,3758.0
1644430081,2016-05-03,12850.0
1644430081,2016-05-04,2309.0
1644430081,2016-05-05,4363.0
1644430081,2016-05-06,9787.0
1644430081,2016-05-07,13372.0
1644430081,2016-05-08,6724.0
1644430081,2016-05-09,6643.0
1644430081,2016-05-10,9167.0
1644430081,2016-05-11,1329.0
1844505072,2016-04-12,6697.0
1844505072,2016-04-13,4929.0
1844505072,2016-04-14,7937.0
1844505072,2016-04-15,3844.0
1844505072,2016-04-16,3414.0
1844505072,2016-04-17,4525.0
1844505072,2016-04-18,4597.0
1844505072,2016-04-19,197.0
1844505072,2016-04-20,8.0
1844505072,2016-04-21,8054.0
1844505072,2016-04-22,5372.0
1844505072,2016-04-23,3570.0
1844505072,2016-04-24,0.0
1844505072,2016-04-25,0.0
1844505072,2016-04-26,0.0
1844505072,2016-04-27,4.0
1844505072,2016-04-28,6907.0
1844505072,2016-04-29,4920.0
1844505072,2016-04-30,4014.0
1844505072,2016-05-01,2573.0
1844505072,2016-05-02,0.0
1844505072,2016-05-03,4059.0
1844505072,2016-05-04,2080.0
1844505072,2016-05-05,2237.0
1844505072,2016-05-06,44.0
1844505072,2016-05-07,0.0
1844505072,2016-05-08,0.0
1844505072,2016-05-09,0.0
1844505072,2016-05-10,0.0
1844505072,2016-05-11,0.0
1844505072,2016-05-12,0.0
1927972279,2016-04-12,678.0
1927972279,2016-04-13,356.0
1927972279,2016-04-14,2163.0
1927972279,2016-04-15,980.0
1927972279,2016-04-16,0.0
1927972279,2016-04-17,0.0
1927972279,2016-04-18,244.0
1927972279,2016-04-19,0.0
1927972279,2016-04-20,0.0
1927972279,2016-04-21,0.0
1927972279,2016-04-22,149.0
1927972279,2016-04-23,2945.0
1927972279,2016-04-24,2090.0
1927972279,2016-04-25,152.0
1927972279,2016-04-26,3761.0
1927972279,2016-04-27,0.0
1927972279,2016-04-28,1675.0
1927972279,2016-04-29,0.0
1927972279,2016-04-30,0.0
1927972279,2016-05-01,2704.0
1927972279,2016-05-02,3790.0
1927972279,2016-05-03,1326.0
1927972279,2016-05-04,1786.0
1927972279,2016-05-05,0.0
1927972279,2016-05-06,2091.0
1927972279,2016-05-07,1510.0
1927972279,2016-05-08,0.0
1927972279,2016-05-09,0.0
1927972279,2016-05-10,0.0
1927972279,2016-05-11,0.0
1927972279,2016-05-12,0.0
2022484408,2016-04-12,11875.0
2022484408,2016-04-13,12024.0
2022484408,2016-04-14,10690.0
2022484408,2016-04-15,11034.0
2022484408,2016-04-16,10100.0
2022484408,2016-04-17,15112.0
2022484408,2016-04-18,14131.0
2022484408,2016-04-19,11548.0
2022484408,2016-04-20,15112.0
2022484408,2016-04-21,12453.0
2022484408,2016-04-22,12954.0
2022484408,2016-04-23,6001.0
2022484408,2016-04-24,13481.0
2022484408,2016-04-25,11369.0
2022484408,2016-04-26,10119.0
2022484408,2016-04-27,10159.0
2022484408,2016-04-28,10140.0
2022484408,2016-04-29,10245.0
2022484408,2016-04-30,18387.0
2022484408,2016-05-01,10538.0
2022484408,2016-05-02,10379.0
2022484408,2016-05-03,12183.0
2022484408,2016-05-04,11768.0
2022484408,2016-05-05,11895.0
2022484408,2016-05-06,10227.0
2022484408,2016-05-07,6708.0
2022484408,2016-05-08,3292.0
2022484408,2016-05-09,13379.0
2022484408,2016-05-10,12798.0
2022484408,2016-05-11,13272.0
2022484408,2016-05-12,9117.0
2026352035,2016-04-12,4414.0
2026352035,2016-04-13,4993.0
2026352035,2016-04-14,3335.0
2026352035,2016-04-15,3821.0
2026352035,2016-04-16,2547.0
2026352035,2016-04-17,838.0
2026352035,2016-04-18,3325.0
2026352035,2016-04-19,2424.0
2026352035,2016-04-20,7222.0
2026352035,2016-04-21,2467.0
2026352035,2016-04-22,2915.0
2026352035,2016-04-23,12357.0
2026352035,2016-04-24,3490.0
2026352035,2016-04-25,6017.0
2026352035,2016-04-26,5933.0
2026352035,2016-04-27,6088.0
2026352035,2016-04-28,6375.0
2026352035,2016-04-29,7604.0
2026352035,2016-04-30,4729.0
2026352035,2016-05-01,3609.0
2026352035,2016-05-02,7018.0
2026352035,2016-05-03,5992.0
2026352035,2016-05-04,6564.0
2026352035,2016-05-05,12167.0
2026352035,2016-05-06,8198.0
2026352035,2016-05-07,4193.0
2026352035,2016-05-08,5528.0
2026352035,2016-05-09,10685.0
2026352035,2016-05-10,254.0
2026352035,2016-05-11,8580.0
2026352035,2016-05-12,8891.0
2320127002,2016-04-12,10725.0
2320127002,2016-04-13,7275.0
2320127002,2016-04-14,3973.0
2320127002,2016-04-15,5205.0
2320127002,2016-04-16,5057.0
2320127002,2016-04-17,6198.0
2320127002,2016-04-18,6559.0
2320127002,2016-04-19,5997.0
2320127002,2016-04-20,7192.0
2320127002,2016-04-21,3404.0
2320127002,2016-04-22,5583.0
2320127002,2016-04-23,5079.0
2320127002,2016-04-24,4165.0
2320127002,2016-04-25,3588.0
2320127002,2016-04-26,3409.0
2320127002,2016-04-27,1715.0
2320127002,2016-04-28,1532.0
2320127002,2016-04-29,924.0
2320127002,2016-04-30,4571.0
2320127002,2016-05-01,772.0
2320127002,2016-05-02,3634.0
2320127002,2016-05-03,7443.0
2320127002,2016-05-04,1201.0
2320127002,2016-05-05,5202.0
2320127002,2016-05-06,4878.0
2320127002,2016-05-07,7379.0
2320127002,2016-05-08,5161.0
2320127002,2016-05-09,3090.0
2320127002,2016-05-10,6227.0
2320127002,2016-05-11,6424.0
2320127002,2016-05-12,2661.0
2347167796,2016-04-12,10113.0
2347167796,2016-04-13,10352.0
2347167796,2016-04-14,10129.0
2347167796,2016-04-15,10465.0
2347167796,2016-04-16,22244.0
2347167796,2016-04-17,5472.0
2347167796,2016-04-18,8247.0
2347167796,2016-04-19,6711.0
2347167796,2016-04-20,10999.0
2347167796,2016-04-21,10080.0
2347167796,2016-04-22,7804.0
2347167796,2016-04-23,16901.0
2347167796,2016-04-24,9471.0
2347167796,2016-04-25,9482.0
2347167796,2016-04-26,5980.0
2347167796,2016-04-27,11423.0
2347167796,2016-04-28,5439.0
2347167796,2016-04-29,42.0
2873212765,2016-04-12,8796.0
2873212765,2016-04-13,7618.0
2873212765,2016-04-14,7910.0
2873212765,2016-04-15,8482.0
2873212765,2016-04-16,9685.0
2873212765,2016-04-17,2524.0
2873212765,2016-04-18,7762.0
2873212765,2016-04-19,7948.0
2873212765,2016-04-20,9202.0
2873212765,2016-04-21,8859.0
2873212765,2016-04-22,7286.0
2873212765,2016-04-23,9317.0
2873212765,2016-04-24,6873.0
2873212765,2016-04-25,7373.0
2873212765,2016-04-26,8242.0
2873212765,2016-04-27,3516.0
2873212765,2016-04-28,7913.0
2873212765,2016-04-29,7365.0
2873212765,2016-04-30,8452.0
2873212765,2016-05-01,7399.0
2873212765,2016-05-02,7525.0
2873212765,2016-05-03,7412.0
2873212765,2016-05-04,8278.0
2873212765,2016-05-05,8314.0
2873212765,2016-05-06,7063.0
2873212765,2016-05-07,4940.0
2873212765,2016-05-08,8168.0
2873212765,2016-05-09,7726.0
2873212765,2016-05-10,8275.0
2873212765,2016-05-11,6440.0
2873212765,2016-05-12,7566.0
3372868164,2016-04-12,4747.0
3372868164,2016-04-13,9715.0
3372868164,2016-04-14,8844.0
3372868164,2016-04-15,7451.0
3372868164,2016-04-16,6905.0
3372868164,2016-04-17,8199.0
3372868164,2016-04-18,6798.0
3372868164,2016-04-19,7711.0
3372868164,2016-04-20,4880.0
3372868164,2016-04-21,8857.0
3372868164,2016-04-22,3843.0
3372868164,2016-04-23,7396.0
3372868164,2016-04-24,6731.0
3372868164,2016-04-25,5995.0
3372868164,2016-04-26,8283.0
3372868164,2016-04-27,7904.0
3372868164,2016-04-28,5512.0
3372868164,2016-04-29,9135.0
3372868164,2016-04-30,5250.0
3372868164,2016-05-01,3077.0
3977333714,2016-04-12,8856.0
3977333714,2016-04-13,10035.0
3977333714,2016-04-14,7641.0
3977333714,2016-04-15,9010.0
3977333714,2016-04-16,13459.0
3977333714,2016-04-17,10415.0
3977333714,2016-04-18,11663.0
3977333714,2016-04-19,12414.0
3977333714,2016-04-20,11658.0
3977333714,2016-04-21,6093.0
3977333714,2016-04-22,8911.0
3977333714,2016-04-23,12058.0
3977333714,2016-04-24,14112.0
3977333714,2016-04-25,11177.0
3977333714,2016-04-26,11388.0
3977333714,2016-04-27,7193.0
3977333714,2016-04-28,7114.0
3977333714,2016-04-29,10645.0
3977333714,2016-04-30,13238.0
3977333714,2016-05-01,10414.0
3977333714,2016-05-02,16520.0
3977333714,2016-05-03,14335.0
3977333714,2016-05-04,13559.0
3977333714,2016-05-05,12312.0
3977333714,2016-05-06,11677.0
3977333714,2016-05-07,11550.0
3977333714,2016-05-08,13585.0
3977333714,2016-05-09,14687.0
3977333714,2016-05-10,13072.0
3977333714,2016-05-11,746.0
4020332650,2016-04-12,8539.0
4020332650,2016-04-13,0.0
4020332650,2016-04-14,108.0
4020332650,2016-04-15,1882.0
4020332650,2016-04-16,1982.0
4020332650,2016-04-17,16.0
4020332650,2016-04-18,62.0
4020332650,2016-04-19,0.0
4020332650,2016-04-20,0.0
4020332650,2016-04-21,0.0
4020332650,2016-04-22,0.0
4020332650,2016-04-23,0.0
4020332650,2016-04-24,0.0
4020332650,2016-04-25,0.0
4020332650,2016-04-26,0.0
4020332650,2016-04-27,0.0
4020332650,2016-04-28,0.0
4020332650,2016-04-29,0.0
4020332650,2016-04-30,0.0
4020332650,2016-05-01,0.0
4020332650,2016-05-02,475.0
4020332650,2016-05-03,4496.0
4020332650,2016-05-04,10252.0
4020332650,2016-05-05,11728.0
4020332650,2016-05-06,4369.0
4020332650,2016-05-07,6132.0
4020332650,2016-05-08,5862.0
4020332650,2016-05-09,4556.0
4020332650,2016-05-10,5546.0
4020332650,2016-05-11,3689.0
4020332650,2016-05-12,590.0
4057192912,2016-04-12,5394.0
4057192912,2016-04-13,5974.0
4057192912,2016-04-14,0.0
4057192912,2016-04-15,3984.0
4319703577,2016-04-12,7753.0
4319703577,2016-04-13,8204.0
4319703577,2016-04-14,10210.0
4319703577,2016-04-15,5664.0
4319703577,2016-04-16,4744.0
4319703577,2016-04-17,29.0
4319703577,2016-04-18,2276.0
4319703577,2016-04-19,8925.0
4319703577,2016-04-20,8954.0
4319703577,2016-04-21,3702.0
4319703577,2016-04-22,4500.0
4319703577,2016-04-23,4935.0
4319703577,2016-04-24,4081.0
4319703577,2016-04-25,9259.0
4319703577,2016-04-26,9899.0
4319703577,2016-04-27,10780.0
4319703577,2016-04-28,10817.0
4319703577,2016-04-29,7990.0
4319703577,2016-04-30,8221.0
4319703577,2016-05-01,1251.0
4319703577,2016-05-02,9261.0
4319703577,2016-05-03,9648.0
4319703577,2016-05-04,10429.0
4319703577,2016-05-05,13658.0
4319703577,2016-05-06,9524.0
4319703577,2016-05-07,7937.0
4319703577,2016-05-08,3672.0
4319703577,2016-05-09,10378.0
4319703577,2016-05-10,9487.0
4319703577,2016-05-11,9129.0
4319703577,2016-05-12,17.0
4388161847,2016-04-12,10122.0
4388161847,2016-04-13,10993.0
4388161847,2016-04-14,8863.0
4388161847,2016-04-15,8758.0
4388161847,2016-04-16,6580.0
4388161847,2016-04-17,4660.0
4388161847,2016-04-18,11009.0
4388161847,2016-04-19,10181.0
4388161847,2016-04-20,10553.0
4388161847,2016-04-21,10055.0
4388161847,2016-04-22,12139.0
4388161847,2016-04-23,13236.0
4388161847,2016-04-24,10243.0
4388161847,2016-04-25,12961.0
4388161847,2016-04-26,9461.0
4388161847,2016-04-27,11193.0
4388161847,2016-04-28,10074.0
4388161847,2016-04-29,9232.0
4388161847,2016-04-30,12533.0
4388161847,2016-05-01,10255.0
4388161847,2016-05-02,10096.0
4388161847,2016-05-03,12727.0
4388161847,2016-05-04,12375.0
4388161847,2016-05-05,9603.0
4388161847,2016-05-06,13175.0
4388161847,2016-05-07,22770.0
4388161847,2016-05-08,17298.0
4388161847,2016-05-09,10218.0
4388161847,2016-05-10,10299.0
4388161847,2016-05-11,10201.0
4388161847,2016-05-12,3369.0
4445114986,2016-04-12,3276.0
4445114986,2016-04-13,2961.0
4445114986,2016-04-14,3974.0
4445114986,2016-04-15,7198.0
4445114986,2016-04-16,3945.0
4445114986,2016-04-17,2268.0
4445114986,2016-04-18,6155.0
4445114986,2016-04-19,2064.0
4445114986,2016-04-20,2072.0
4445114986,2016-04-21,3809.0
4445114986,2016-04-22,6831.0
4445114986,2016-04-23,4363.0
4445114986,2016-04-24,5002.0
4445114986,2016-04-25,3385.0
4445114986,2016-04-26,6326.0
4445114986,2016-04-27,7243.0
4445114986,2016-04-28,4493.0
4445114986,2016-04-29,4676.0
4445114986,2016-04-30,6222.0
4445114986,2016-05-01,5232.0
4445114986,2016-05-02,6910.0
4445114986,2016-05-03,7502.0
4445114986,2016-05-04,2923.0
4445114986,2016-05-05,3800.0
4445114986,2016-05-06,4514.0
4445114986,2016-05-07,5183.0
4445114986,2016-05-08,7303.0
4445114986,2016-05-09,5275.0
4445114986,2016-05-10,3915.0
4445114986,2016-05-11,9105.0
4445114986,2016-05-12,768.0
4558609924,2016-04-12,5135.0
4558609924,2016-04-13,4978.0
4558609924,2016-04-14,6799.0
4558609924,2016-04-15,7795.0
4558609924,2016-04-16,7289.0
4558609924,2016-04-17,9634.0
4558609924,2016-04-18,8940.0
4558609924,2016-04-19,5401.0
4558609924,2016-04-20,4803.0
4558609924,2016-04-21,13743.0
4558609924,2016-04-22,9601.0
4558609924,2016-04-23,6890.0
4558609924,2016-04-24,8563.0
4558609924,2016-04-25,8095.0
4558609924,2016-04-26,9148.0
4558609924,2016-04-27,9557.0
4558609924,2016-04-28,9451.0
4558609924,2016-04-29,7833.0
4558609924,2016-04-30,10319.0
4558609924,2016-05-01,3428.0
4558609924,2016-05-02,7891.0
4558609924,2016-05-03,5267.0
4558609924,2016-05-04,5232.0
4558609924,2016-05-05,10611.0
4558609924,2016-05-06,3755.0
4558609924,2016-05-07,8237.0
4558609924,2016-05-08,6543.0
4558609924,2016-05-09,11451.0
4558609924,2016-05-10,6435.0
4558609924,2016-05-11,9108.0
4558609924,2016-05-12,6307.0
4702921684,2016-04-12,7213.0
4702921684,2016-04-13,6877.0
4702921684,2016-04-14,7860.0
4702921684,2016-04-15,6506.0
4702921684,2016-04-16,11140.0
4702921684,2016-04-17,12692.0
4702921684,2016-04-18,9105.0
4702921684,2016-04-19,6708.0
4702921684,2016-04-20,8793.0
4702921684,2016-04-21,6530.0
4702921684,2016-04-22,1664.0
4702921684,2016-04-23,15126.0
4702921684,2016-04-24,15050.0
4702921684,2016-04-25,9167.0
4702921684,2016-04-26,6108.0
4702921684,2016-04-27,7047.0
4702921684,2016-04-28,9023.0
4702921684,2016-04-29,9930.0
4702921684,2016-04-30,10144.0
4702921684,2016-05-01,0.0
4702921684,2016-05-02,7245.0
4702921684,2016-05-03,9454.0
4702921684,2016-05-04,8161.0
4702921684,2016-05-05,8614.0
4702921684,2016-05-06,6943.0
4702921684,2016-05-07,14370.0
4702921684,2016-05-08,12857.0
4702921684,2016-05-09,8232.0
4702921684,2016-05-10,10613.0
4702921684,2016-05-11,9810.0
4702921684,2016-05-12,2752.0
5553957443,2016-04-12,11596.0
5553957443,2016-04-13,4832.0
5553957443,2016-04-14,17022.0
5553957443,2016-04-15,16556.0
5553957443,2016-04-16,5771.0
5553957443,2016-04-17,655.0
5553957443,2016-04-18,3727.0
5553957443,2016-04-19,15482.0
5553957443,2016-04-20,2713.0
5553957443,2016-04-21,12346.0
5553957443,2016-04-22,11682.0
5553957443,2016-04-23,4112.0
5553957443,2016-04-24,1807.0
5553957443,2016-04-25,10946.0
5553957443,2016-04-26,11886.0
5553957443,2016-04-27,10538.0
5553957443,2016-04-28,11393.0
5553957443,2016-04-29,12764.0
5553957443,2016-04-30,1202.0
5553957443,2016-05-01,5164.0
5553957443,2016-05-02,9769.0
5553957443,2016-05-03,12848.0
5553957443,2016-05-04,4249.0
5553957443,2016-05-05,14331.0
5553957443,2016-05-06,9632.0
5553957443,2016-05-07,1868.0
5553957443,2016-05-08,6083.0
5553957443,2016-05-09,11611.0
5553957443,2016-05-10,16358.0
5553957443,2016-05-11,4926.0
5553957443,2016-05-12,3121.0
5577150313,2016-04-12,8135.0
5577150313,2016-04-13,5077.0
5577150313,2016-04-14,8596.0
5577150313,2016-04-15,12087.0
5577150313,2016-04-16,14269.0
5577150313,2016-04-17,12231.0
5577150313,2016-04-18,9893.0
5577150313,2016-04-19,12574.0
5577150313,2016-04-20,8330.0
5577150313,2016-04-21,10830.0
5577150313,2016-04-22,9172.0
5577150313,2016-04-23,7638.0
5577150313,2016-04-24,15764.0
5577150313,2016-04-25,6393.0
5577150313,2016-04-26,5325.0
5577150313,2016-04-27,6805.0
5577150313,2016-04-28,9841.0
5577150313,2016-04-29,7924.0
5577150313,2016-04-30,12363.0
5577150313,2016-05-01,13368.0
5577150313,2016-05-02,7439.0
5577150313,2016-05-03,11045.0
5577150313,2016-05-04,5206.0
5577150313,2016-05-05,7550.0
5577150313,2016-05-06,4950.0
5577150313,2016-05-07,0.0
5577150313,2016-05-08,0.0
5577150313,2016-05-09,3421.0
5577150313,2016-05-10,8869.0
5577150313,2016-05-11,4038.0
6117666160,2016-04-12,0.0
6117666160,2016-04-13,0.0
6117666160,2016-04-14,0.0
6117666160,2016-04-15,14019.0
6117666160,2016-04-16,14450.0
6117666160,2016-04-17,7150.0
6117666160,2016-04-18,5153.0
6117666160,2016-04-19,11135.0
6117666160,2016-04-20,10449.0
6117666160,2016-04-21,19542.0
6117666160,2016-04-22,8206.0
6117666160,2016-04-23,11495.0
6117666160,2016-04-24,7623.0
6117666160,2016-04-25,0.0
6117666160,2016-04-26,9543.0
6117666160,2016-04-27,9411.0
6117666160,2016-04-28,3403.0
6117666160,2016-04-29,9592.0
6117666160,2016-04-30,6987.0
6117666160,2016-05-01,8915.0
6117666160,2016-05-02,4933.0
6117666160,2016-05-03,0.0
6117666160,2016-05-04,2997.0
6117666160,2016-05-05,9799.0
6117666160,2016-05-06,3365.0
6117666160,2016-05-07,7336.0
6117666160,2016-05-08,7328.0
6117666160,2016-05-09,4477.0
6290855005,2016-04-12,4562.0
6290855005,2016-04-13,7142.0
6290855005,2016-04-14,7671.0
6290855005,2016-04-15,9501.0
6290855005,2016-04-16,8301.0
6290855005,2016-04-17,7851.0
6290855005,2016-04-18,6885.0
6290855005,2016-04-19,7142.0
6290855005,2016-04-20,6361.0
6290855005,2016-04-21,0.0
6290855005,2016-04-22,6238.0
6290855005,2016-04-23,0.0
6290855005,2016-04-24,5896.0
6290855005,2016-04-25,7802.0
6290855005,2016-04-26,0.0
6290855005,2016-04-27,5565.0
6290855005,2016-04-28,5731.0
6290855005,2016-04-29,0.0
6290855005,2016-04-30,6744.0
6290855005,2016-05-01,9837.0
6290855005,2016-05-02,6781.0
6290855005,2016-05-03,6047.0
6290855005,2016-05-04,5832.0
6290855005,2016-05-05,6339.0
6290855005,2016-05-06,6116.0
6290855005,2016-05-07,5510.0
6290855005,2016-05-08,7706.0
6290855005,2016-05-09,6277.0
6290855005,2016-05-10,0.0
6775888955,2016-04-12,0.0
6775888955,2016-04-13,4053.0
6775888955,2016-04-14,5162.0
6775888955,2016-04-15,1282.0
6775888955,2016-04-16,4732.0
6775888955,2016-04-17,2497.0
6775888955,2016-04-18,8294.0
6775888955,2016-04-19,0.0
6775888955,2016-04-20,10771.0
6775888955,2016-04-21,0.0
6775888955,2016-04-22,637.0
6775888955,2016-04-23,0.0
6775888955,2016-04-24,2153.0
6775888955,2016-04-25,6474.0
6775888955,2016-04-26,7091.0
6775888955,2016-04-27,0.0
6775888955,2016-04-28,703.0
6775888955,2016-04-29,0.0
6775888955,2016-04-30,2503.0
6775888955,2016-05-01,2487.0
6775888955,2016-05-02,0.0
6775888955,2016-05-03,9.0
6775888955,2016-05-04,0.0
6775888955,2016-05-05,0.0
6775888955,2016-05-06,4697.0
6775888955,2016-05-07,1967.0
6962181067,2016-04-12,10199.0
6962181067,2016-04-13,5652.0
6962181067,2016-04-14,1551.0
6962181067,2016-04-15,5563.0
6962181067,2016-04-16,13217.0
6962181067,2016-04-17,10145.0
6962181067,2016-04-18,11404.0
6962181067,2016-04-19,10742.0
6962181067,2016-04-20,13928.0
6962181067,2016-04-21,11835.0
6962181067,2016-04-22,10725.0
6962181067,2016-04-23,20031.0
6962181067,2016-04-24,5029.0
6962181067,2016-04-25,13239.0
6962181067,2016-04-26,10433.0
6962181067,2016-04-27,10320.0
6962181067,2016-04-28,12627.0
6962181067,2016-04-29,10762.0
6962181067,2016-04-30,10081.0
6962181067,2016-05-01,5454.0
6962181067,2016-05-02,12912.0
6962181067,2016-05-03,12109.0
6962181067,2016-05-04,10147.0
6962181067,2016-05-05,10524.0
6962181067,2016-05-06,5908.0
6962181067,2016-05-07,6815.0
6962181067,2016-05-08,4188.0
6962181067,2016-05-09,12342.0
6962181067,2016-05-10,15448.0
6962181067,2016-05-11,6722.0
6962181067,2016-05-12,3587.0
7007744171,2016-04-12,14172.0
7007744171,2016-04-13,12862.0
7007744171,2016-04-14,11179.0
7007744171,2016-04-15,5273.0
7007744171,2016-04-16,4631.0
7007744171,2016-04-17,8059.0
7007744171,2016-04-18,14816.0
7007744171,2016-04-19,14194.0
7007744171,2016-04-20,15566.0
7007744171,2016-04-21,13744.0
7007744171,2016-04-22,15299.0
7007744171,2016-04-23,8093.0
7007744171,2016-04-24,11085.0
7007744171,2016-04-25,18229.0
7007744171,2016-04-26,15090.0
7007744171,2016-04-27,13541.0
7007744171,2016-04-28,15128.0
7007744171,2016-04-29,20067.0
7007744171,2016-04-30,3761.0
7007744171,2016-05-01,5600.0
7007744171,2016-05-02,13041.0
7007744171,2016-05-03,14510.0
7007744171,2016-05-04,0.0
7007744171,2016-05-05,15010.0
7007744171,2016-05-06,11459.0
7007744171,2016-05-07,0.0
7086361926,2016-04-12,11317.0
7086361926,2016-04-13,5813.0
7086361926,2016-04-14,9123.0
7086361926,2016-04-15,8585.0
7086361926,2016-04-16,31.0
7086361926,2016-04-17,0.0
7086361926,2016-04-18,9827.0
7086361926,2016-04-19,10688.0
7086361926,2016-04-20,14365.0
7086361926,2016-04-21,9469.0
7086361926,2016-04-22,9753.0
7086361926,2016-04-23,2817.0
7086361926,2016-04-24,3520.0
7086361926,2016-04-25,10091.0
7086361926,2016-04-26,10387.0
7086361926,2016-04-27,11107.0
7086361926,2016-04-28,11584.0
7086361926,2016-04-29,7881.0
7086361926,2016-04-30,14560.0
7086361926,2016-05-01,12390.0
7086361926,2016-05-02,10052.0
7086361926,2016-05-03,10288.0
7086361926,2016-05-04,10988.0
7086361926,2016-05-05,8564.0
7086361926,2016-05-06,12461.0
7086361926,2016-05-07,12827.0
7086361926,2016-05-08,10677.0
7086361926,2016-05-09,13566.0
7086361926,2016-05-10,14433.0
7086361926,2016-05-11,9572.0
7086361926,2016-05-12,3789.0
8053475328,2016-04-12,18060.0
8053475328,2016-04-13,16433.0
8053475328,2016-04-14,20159.0
8053475328,2016-04-15,20669.0
8053475328,2016-04-16,14549.0
8053475328,2016-04-17,18827.0
8053475328,2016-04-18,17076.0
8053475328,2016-04-19,15929.0
8053475328,2016-04-20,15108.0
8053475328,2016-04-21,16057.0
8053475328,2016-04-22,10520.0
8053475328,2016-04-23,22359.0
8053475328,2016-04-24,22988.0
8053475328,2016-04-25,20500.0
8053475328,2016-04-26,12685.0
8053475328,2016-04-27,12422.0
8053475328,2016-04-28,15447.0
8053475328,2016-04-29,12315.0
8053475328,2016-04-30,7135.0
8053475328,2016-05-01,1170.0
8053475328,2016-05-02,1969.0
8053475328,2016-05-03,15484.0
8053475328,2016-05-04,14581.0
8053475328,2016-05-05,14990.0
8053475328,2016-05-06,13953.0
8053475328,2016-05-07,19769.0
8053475328,2016-05-08,22026.0
8053475328,2016-05-09,12465.0
8053475328,2016-05-10,14810.0
8053475328,2016-05-11,12209.0
8053475328,2016-05-12,4998.0
8253242879,2016-04-12,9033.0
8253242879,2016-04-13,8053.0
8253242879,2016-04-14,5234.0
8253242879,2016-04-15,2672.0
8253242879,2016-04-16,9256.0
8253242879,2016-04-17,10204.0
8253242879,2016-04-18,5151.0
8253242879,2016-04-19,4212.0
8253242879,2016-04-20,6466.0
8253242879,2016-04-21,11268.0
8253242879,2016-04-22,2824.0
8253242879,2016-04-23,9282.0
8253242879,2016-04-24,8905.0
8253242879,2016-04-25,6829.0
8253242879,2016-04-26,4562.0
8253242879,2016-04-27,10232.0
8253242879,2016-04-28,2718.0
8253242879,2016-04-29,6260.0
8253242879,2016-04-30,0.0
8378563200,2016-04-12,7626.0
8378563200,2016-04-13,12386.0
8378563200,2016-04-14,13318.0
8378563200,2016-04-15,14461.0
8378563200,2016-04-16,11207.0
8378563200,2016-04-17,2132.0
8378563200,2016-04-18,13630.0
8378563200,2016-04-19,13070.0
8378563200,2016-04-20,9388.0
8378563200,2016-04-21,15148.0
8378563200,2016-04-22,12200.0
8378563200,2016-04-23,5709.0
8378563200,2016-04-24,3703.0
8378563200,2016-04-25,12405.0
8378563200,2016-04-26,16208.0
8378563200,2016-04-27,7359.0
8378563200,2016-04-28,5417.0
8378563200,2016-04-29,6175.0
8378563200,2016-04-30,2946.0
8378563200,2016-05-01,11419.0
8378563200,2016-05-02,6064.0
8378563200,2016-05-03,8712.0
8378563200,2016-05-04,7875.0
8378563200,2016-05-05,8567.0
8378563200,2016-05-06,7045.0
8378563200,2016-05-07,4468.0
8378563200,2016-05-08,2943.0
8378563200,2016-05-09,8382.0
8378563200,2016-05-10,6582.0
8378563200,2016-05-11,9143.0
8378563200,2016-05-12,4561.0
8583815059,2016-04-12,5014.0
8583815059,2016-04-13,5571.0
8583815059,2016-04-14,3135.0
8583815059,2016-04-15,3430.0
8583815059,2016-04-16,5319.0
8583815059,2016-04-17,3008.0
8583815059,2016-04-18,3864.0
8583815059,2016-04-19,5697.0
8583815059,2016-04-20,5273.0
8583815059,2016-04-21,8538.0
8583815059,2016-04-22,8687.0
8583815059,2016-04-23,9423.0
8583815059,2016-04-24,8286.0
8583815059,2016-04-25,4503.0
8583815059,2016-04-26,10499.0
8583815059,2016-04-27,12474.0
8583815059,2016-04-28,6174.0
8583815059,2016-04-29,15168.0
8583815059,2016-04-30,10085.0
8583815059,2016-05-01,4512.0
8583815059,2016-05-02,8469.0
8583815059,2016-05-03,12015.0
8583815059,2016-05-04,3588.0
8583815059,2016-05-05,12427.0
8583815059,2016-05-06,5843.0
8583815059,2016-05-07,6117.0
8583815059,2016-05-08,9217.0
8583815059,2016-05-09,9877.0
8583815059,2016-05-10,8240.0
8583815059,2016-05-11,8701.0
8583815059,2016-05-12,0.0
8792009665,2016-04-12,2564.0
8792009665,2016-04-13,1320.0
8792009665,2016-04-14,1219.0
8792009665,2016-04-15,2483.0
8792009665,2016-04-16,244.0
8792009665,2016-04-17,0.0
8792009665,2016-04-18,0.0
8792009665,2016-04-19,0.0
8792009665,2016-04-20,3147.0
8792009665,2016-04-21,144.0
8792009665,2016-04-22,4068.0
8792009665,2016-04-23,5245.0
8792009665,2016-04-24,400.0
8792009665,2016-04-25,0.0
8792009665,2016-04-26,1321.0
8792009665,2016-04-27,1758.0
8792009665,2016-04-28,6157.0
8792009665,2016-04-29,8360.0
8792009665,2016-04-30,7174.0
8792009665,2016-05-01,1619.0
8792009665,2016-05-02,1831.0
8792009665,2016-05-03,2421.0
8792009665,2016-05-04,2283.0
8792009665,2016-05-05,0.0
8792009665,2016-05-06,0.0
8792009665,2016-05-07,0.0
8792009665,2016-05-08,0.0
8792009665,2016-05-09,0.0
8792009665,2016-05-10,0.0
8877689391,2016-04-12,23186.0
8877689391,2016-04-13,15337.0
8877689391,2016-04-14,21129.0
8877689391,2016-04-15,13422.0
8877689391,2016-04-16,29326.0
8877689391,2016-04-17,15118.0
8877689391,2016-04-18,11423.0
8877689391,2016-04-19,18785.0
8877689391,2016-04-20,19948.0
8877689391,2016-04-21,19377.0
8877689391,2016-04-22,18258.0
8877689391,2016-04-23,11200.0
8877689391,2016-04-24,16674.0
8877689391,2016-04-25,12986.0
8877689391,2016-04-26,11101.0
8877689391,2016-04-27,23629.0
8877689391,2016-04-28,14890.0
8877689391,2016-04-29,9733.0
8877689391,2016-04-30,27745.0
8877689391,2016-05-01,10930.0
8877689391,2016-05-02,4790.0
8877689391,2016-05-03,10818.0
8877689391,2016-05-04,18193.0
8877689391,2016-05-05,14055.0
8877689391,2016-05-06,21727.0
8877689391,2016-05-07,12332.0
8877689391,2016-05-08,10686.0
8877689391,2016-05-09,20226.0
8877689391,2016-05-10,10733.0
8877689391,2016-05-11,21420.0
8877689391,2016-05-12,8064.0
