id,activityday,sedentaryminutes,lightlyactiveminutes,fairlyactiveminutes,veryactiveminutes,sedentaryactivedistance,lightactivedistance,moderatelyactivedistance,veryactivedistance
1503960366,2016-04-12,728.0,328.0,13.0,25.0,0.0,6.05999994277954,0.550000011920929,1.87999999523163
1503960366,2016-04-13,776.0,217.0,19.0,21.0,0.0,4.71000003814697,0.689999997615814,1.57000005245209
1503960366,2016-04-14,1218.0,181.0,11.0,30.0,0.0,3.91000008583069,0.400000005960464,2.44000005722046
1503960366,2016-04-15,726.0,209.0,34.0,29.0,0.0,2.82999992370605,1.25999999046326,2.14000010490417
1503960366,2016-04-16,773.0,221.0,10.0,36.0,0.0,5.03999996185303,0.409999996423721,2.71000003814697
1503960366,2016-04-17,539.0,164.0,20.0,38.0,0.0,2.50999999046326,0.779999971389771,3.19000005722046
1503960366,2016-04-18,1149.0,233.0,16.0,42.0,0.0,4.71000003814697,0.639999985694885,3.25
1503960366,2016-04-19,775.0,264.0,31.0,50.0,0.0,5.03000020980835,1.32000005245209,3.52999997138977
1503960366,2016-04-20,818.0,205.0,12.0,28.0,0.0,4.23999977111816,0.479999989271164,1.96000003814697
1503960366,2016-04-21,838.0,211.0,8.0,19.0,0.0,4.65000009536743,0.349999994039536,1.3400000333786
1503960366,2016-04-22,1217.0,130.0,27.0,66.0,0.0,2.24000000953674,1.12000000476837,4.76000022888184
1503960366,2016-04-23,732.0,262.0,21.0,41.0,0.0,5.3600001335144,0.870000004768372,2.80999994277954
1503960366,2016-04-24,709.0,238.0,5.0,39.0,0.0,3.27999997138977,0.209999993443489,2.92000007629395
1503960366,2016-04-25,814.0,216.0,14.0,73.0,0.0,3.94000005722046,0.569999992847443,5.28999996185303
1503960366,2016-04-26,833.0,279.0,23.0,31.0,0.0,5.53999996185303,0.920000016689301,2.32999992370605
1503960366,2016-04-27,1108.0,243.0,11.0,78.0,0.0,5.40999984741211,0.409999996423721,6.40000009536743
1503960366,2016-04-28,782.0,189.0,28.0,48.0,0.0,3.78999996185303,1.1599999666214,3.53999996185303
1503960366,2016-04-29,815.0,243.0,12.0,16.0,0.0,5.57999992370605,0.5,1.05999994277954
1503960366,2016-04-30,712.0,217.0,34.0,52.0,0.0,4.26999998092651,1.41999995708466,3.55999994277954
1503960366,2016-05-01,730.0,246.0,35.0,33.0,0.0,2.92000007629395,1.60000002384186,2.28999996185303
1503960366,2016-05-02,798.0,277.0,15.0,41.0,0.0,5.92000007629395,0.569999992847443,3.21000003814697
1503960366,2016-05-03,816.0,254.0,24.0,50.0,0.0,4.88000011444092,1.04999995231628,3.73000001907349
1503960366,2016-05-04,1179.0,203.0,22.0,36.0,0.0,3.8199999332428,0.870000004768372,2.46000003814697
1503960366,2016-05-05,857.0,250.0,24.0,45.0,0.0,4.88000011444092,1.08000004291534,2.92000007629395
1503960366,2016-05-06,754.0,289.0,6.0,24.0,0.0,5.80999994277954,0.25,1.97000002861023
1503960366,2016-05-07,833.0,175.0,46.0,37.0,0.0,3.13000011444092,2.11999988555908,2.46000003814697
1503960366,2016-05-08,574.0,203.0,8.0,44.0,0.0,2.73000001907349,0.319999992847443,3.52999997138977
1503960366,2016-05-09,835.0,206.0,11.0,46.0,0.0,3.74000000953674,0.529999971389771,3.45000004768372
1503960366,2016-05-10,746.0,214.0,31.0,46.0,0.0,3.25999999046326,1.1599999666214,3.34999990463257
1503960366,2016-05-11,669.0,251.0,23.0,36.0,0.0,4.55000019073486,1.00999999046326,2.55999994277954
1503960366,2016-05-12,1440.0,0.0,0.0,0.0,0.0,0.0,0.0,0.0
1624580081,2016-04-12,1294.0,146.0,0.0,0.0,0.0,5.30999994277954,0.0,0.0
1624580081,2016-04-13,1292.0,148.0,0.0,0.0,0.0,4.55000019073486,0.0,0.0
1624580081,2016-04-14,1204.0,236.0,0.0,0.0,0.0099999997764825,5.90999984741211,0.0,0.0
1624580081,2016-04-15,1344.0,96.0,0.0,0.0,0.0,0.970000028610229,0.0,0.0
1624580081,2016-04-16,1264.0,176.0,0.0,0.0,0.0,3.49000000953674,0.0,0.0
1624580081,2016-04-17,1276.0,127.0,22.0,15.0,0.0099999997764825,1.49000000953674,1.51999998092651,1.02999997138977
1624580081,2016-04-18,1214.0,202.0,7.0,17.0,0.0099999997764825,4.61999988555908,0.620000004768372,2.15000009536743
1624580081,2016-04-19,1299.0,141.0,0.0,0.0,0.0,1.89999997615814,0.0,0.0
1624580081,2016-04-20,1289.0,151.0,0.0,0.0,0.0,3.23000001907349,0.0,0.0
1624580081,2016-04-21,1254.0,186.0,0.0,0.0,0.0199999995529652,4.1100001335144,0.0,0.0
1624580081,2016-04-22,1241.0,199.0,0.0,0.0,0.0,2.59999990463257,0.0,0.0
1624580081,2016-04-23,1213.0,227.0,0.0,0.0,0.0099999997764825,5.53999996185303,0.0,0.0
1624580081,2016-04-24,1221.0,185.0,18.0,16.0,0.0,1.88999998569489,0.910000026226044,1.14999997615814
1624580081,2016-04-25,1238.0,202.0,0.0,0.0,0.0199999995529652,4.19999980926514,0.0,0.0
1624580081,2016-04-26,1300.0,140.0,0.0,0.0,0.0099999997764825,1.83000004291534,0.0,0.0
1624580081,2016-04-27,1233.0,154.0,36.0,17.0,0.0,2.46000003814697,1.87000000476837,1.11000001430511
1624580081,2016-04-28,1320.0,115.0,5.0,0.0,0.0,1.60000002384186,0.200000002980232,0.0
1624580081,2016-04-29,1290.0,150.0,0.0,0.0,0.0,1.54999995231628,0.0,0.0
1624580081,2016-04-30,1182.0,224.0,23.0,11.0,0.0099999997764825,2.11999988555908,1.27999997138977,0.899999976158142
1624580081,2016-05-01,1020.0,171.0,63.0,186.0,0.0199999995529652,1.9099999666214,4.19000005722046,21.9200000762939
1624580081,2016-05-02,1261.0,166.0,6.0,7.0,0.0,3.47000002861023,0.589999973773956,0.860000014305115
1624580081,2016-05-03,1344.0,96.0,0.0,0.0,0.0199999995529652,1.3400000333786,0.0,0.0
1624580081,2016-05-04,1322.0,118.0,0.0,0.0,0.0,1.41999995708466,0.0,0.0
1624580081,2016-05-05,1323.0,117.0,0.0,0.0,0.0199999995529652,1.58000004291534,0.0,0.0
1624580081,2016-05-06,1338.0,102.0,0.0,0.0,0.0099999997764825,1.12000000476837,0.0,0.0
1624580081,2016-05-07,1258.0,182.0,0.0,0.0,0.0,1.37000000476837,0.0,0.0
1624580081,2016-05-08,1288.0,152.0,0.0,0.0,0.0,2.22000002861023,0.0,0.0
1624580081,2016-05-09,1349.0,91.0,0.0,0.0,0.0,1.12999999523163,0.0,0.0
1624580081,2016-05-10,1301.0,139.0,0.0,0.0,0.0099999997764825,1.91999995708466,0.0,0.0
1624580081,2016-05-11,1328.0,112.0,0.0,0.0,0.0,2.03999996185303,0.0,0.0
1624580081,2016-05-12,890.0,107.0,0.0,0.0,0.0099999997764825,1.91999995708466,0.0,0.0
1644430081,2016-04-12,1131.0,256.0,51.0,2.0,0.0,5.32999992370605,2.29999995231628,0.140000000596046
1644430081,2016-04-13,1259.0,135.0,16.0,30.0,0.0,2.64000010490417,0.899999976158142,2.27999997138977
1644430081,2016-04-14,1125.0,252.0,58.0,5.0,0.0,5.09999990463257,2.55999994277954,0.360000014305115
1644430081,2016-04-15,1263.0,170.0,4.0,3.0,0.0,3.45000004768372,0.150000005960464,0.219999998807907
1644430081,2016-04-16,1135.0,212.0,42.0,51.0,0.0,5.09000015258789,1.87999999523163,4.09999990463257
1644430081,2016-04-17,1212.0,186.0,13.0,29.0,0.0,3.54999995231628,0.569999992847443,2.25
1644430081,2016-04-18,1271.0,121.0,33.0,15.0,0.0,2.45000004768372,1.66999995708466,1.07000005245209
1644430081,2016-04-19,1099.0,278.0,58.0,5.0,0.0,5.30000019073486,2.52999997138977,0.360000014305115
1644430081,2016-04-20,1315.0,125.0,0.0,0.0,0.0099999997764825,1.75999999046326,0.0,0.0
1644430081,2016-04-21,1402.0,38.0,0.0,0.0,0.0099999997764825,0.879999995231628,0.0,0.0
1644430081,2016-04-22,1354.0,86.0,0.0,0.0,0.0099999997764825,2.66000008583069,0.0,0.0
1644430081,2016-04-23,1265.0,160.0,15.0,0.0,0.0,4.25,0.579999983310699,0.0
1644430081,2016-04-24,1351.0,89.0,0.0,0.0,0.0,2.41000008583069,0.0,0.0
1644430081,2016-04-25,1337.0,94.0,1.0,8.0,0.0,1.95000004768372,0.0599999986588955,0.589999973773956
1644430081,2016-04-26,1165.0,223.0,41.0,11.0,0.0,4.69000005722046,1.72000002861023,0.800000011920929
1644430081,2016-04-27,1322.0,118.0,0.0,0.0,0.0,2.20000004768372,0.0,0.0
1644430081,2016-04-28,1157.0,227.0,53.0,3.0,0.0,4.30999994277954,2.3199999332428,0.200000002980232
1644430081,2016-04-29,1193.0,120.0,0.0,0.0,0.0,2.30999994277954,0.0,0.0
1644430081,2016-04-30,816.0,402.0,71.0,9.0,0.0,9.46000003814697,3.14000010490417,0.629999995231628
1644430081,2016-05-01,908.0,146.0,24.0,3.0,0.0,3.23000001907349,0.990000009536743,0.239999994635582
1644430081,2016-05-02,682.0,148.0,7.0,1.0,0.0,2.34999990463257,0.310000002384186,0.0700000002980232
1644430081,2016-05-03,1115.0,221.0,94.0,10.0,0.0,4.53999996185303,4.09000015258789,0.720000028610229
1644430081,2016-05-04,1388.0,52.0,0.0,0.0,0.0199999995529652,1.6599999666214,0.0,0.0
1644430081,2016-05-05,1341.0,81.0,12.0,6.0,0.0099999997764825,2.13000011444092,0.540000021457672,0.519999980926514
1644430081,2016-05-06,1054.0,369.0,6.0,11.0,0.0199999995529652,6.01000022888184,0.270000010728836,0.819999992847443
1644430081,2016-05-07,1139.0,243.0,17.0,41.0,0.0099999997764825,5.67000007629395,0.790000021457672,3.25999999046326
1644430081,2016-05-08,991.0,295.0,0.0,0.0,0.0,4.88000011444092,0.0,0.0
1644430081,2016-05-09,1099.0,303.0,6.0,32.0,0.0099999997764825,2.08999991416931,0.349999994039536,2.39000010490417
1644430081,2016-05-10,1254.0,155.0,19.0,12.0,0.0099999997764825,4.96999979019165,0.810000002384186,0.879999995231628
1644430081,2016-05-11,713.0,49.0,0.0,0.0,0.0099999997764825,0.949999988079071,0.0,0.0
1844505072,2016-04-12,1101.0,339.0,0.0,0.0,0.0,4.42999982833862,0.0,0.0
1844505072,2016-04-13,1192.0,248.0,0.0,0.0,0.0,3.25999999046326,0.0,0.0
1844505072,2016-04-14,843.0,373.0,0.0,0.0,0.0,5.23000001907349,0.0,0.0
1844505072,2016-04-15,527.0,176.0,0.0,0.0,0.0,2.53999996185303,0.0,0.0
1844505072,2016-04-16,1293.0,147.0,0.0,0.0,0.0,2.25999999046326,0.0,0.0
1844505072,2016-04-17,1231.0,199.0,8.0,2.0,0.0,2.58999991416931,0.259999990463257,0.140000000596046
1844505072,2016-04-18,1211.0,217.0,12.0,0.0,0.0,2.55999994277954,0.479999989271164,0.0
1844505072,2016-04-19,1430.0,10.0,0.0,0.0,0.0,0.129999995231628,0.0,0.0
1844505072,2016-04-20,1439.0,1.0,0.0,0.0,0.0,0.0099999997764825,0.0,0.0
1844505072,2016-04-21,1117.0,308.0,13.0,2.0,0.0,4.67999982833862,0.519999980926514,0.119999997317791
1844505072,2016-04-22,1220.0,220.0,0.0,0.0,0.0,3.54999995231628,0.0,0.0
1844505072,2016-04-23,1301.0,139.0,0.0,0.0,0.0,2.35999989509583,0.0,0.0
1844505072,2016-04-24,1440.0,0.0,0.0,0.0,0.0,0.0,0.0,0.0
1844505072,2016-04-25,1440.0,0.0,0.0,0.0,0.0,0.0,0.0,0.0
1844505072,2016-04-26,1440.0,0.0,0.0,0.0,0.0,0.0,0.0,0.0
1844505072,2016-04-27,1439.0,1.0,0.0,0.0,0.0,0.0,0.0,0.0
1844505072,2016-04-28,1138.0,302.0,0.0,0.0,0.0,4.55999994277954,0.0,0.0
1844505072,2016-04-29,1082.0,247.0,0.0,0.0,0.0,3.25,0.0,0.0
1844505072,2016-04-30,218.0,184.0,0.0,0.0,0.0,2.65000009536743,0.0,0.0
1844505072,2016-05-01,585.0,75.0,7.0,0.0,0.0,1.45000004768372,0.259999990463257,0.0
1844505072,2016-05-02,1440.0,0.0,0.0,0.0,0.0,0.0,0.0,0.0
1844505072,2016-05-03,1256.0,184.0,0.0,0.0,0.0,2.6800000667572,0.0,0.0
1844505072,2016-05-04,1353.0,87.0,0.0,0.0,0.0,1.37000000476837,0.0,0.0
1844505072,2016-05-05,1320.0,120.0,0.0,0.0,0.0,1.48000001907349,0.0,0.0
1844505072,2016-05-06,1438.0,2.0,0.0,0.0,0.0,0.0299999993294477,0.0,0.0
1844505072,2016-05-07,1440.0,0.0,0.0,0.0,0.0,0.0,0.0,0.0
1844505072,2016-05-08,1440.0,0.0,0.0,0.0,0.0,0.0,0.0,0.0
1844505072,2016-05-09,1440.0,0.0,0.0,0.0,0.0,0.0,0.0,0.0
1844505072,2016-05-10,1440.0,0.0,0.0,0.0,0.0,0.0,0.0,0.0
1844505072,2016-05-11,1440.0,0.0,0.0,0.0,0.0,0.0,0.0,0.0
1844505072,2016-05-12,711.0,0.0,0.0,0.0,0.0,0.0,0.0,0.0
1927972279,2016-04-12,734.0,55.0,0.0,0.0,0.0,0.469999998807907,0.0,0.0
1927972279,2016-04-13,986.0,32.0,0.0,0.0,0.0,0.25,0.0,0.0
1927972279,2016-04-14,1292.0,88.0,9.0,0.0,0.0,1.10000002384186,0.400000005960464,0.0
1927972279,2016-04-15,941.0,51.0,0.0,0.0,0.0,0.680000007152557,0.0,0.0
1927972279,2016-04-16,1440.0,0.0,0.0,0.0,0.0,0.0,0.0,0.0
1927972279,2016-04-17,1440.0,0.0,0.0,0.0,0.0,0.0,0.0,0.0
1927972279,2016-04-18,1423.0,17.0,0.0,0.0,0.0,0.170000001788139,0.0,0.0
1927972279,2016-04-19,1440.0,0.0,0.0,0.0,0.0,0.0,0.0,0.0
1927972279,2016-04-20,1440.0,0.0,0.0,0.0,0.0,0.0,0.0,0.0
1927972279,2016-04-21,1440.0,0.0,0.0,0.0,0.0,0.0,0.0,0.0
1927972279,2016-04-22,1430.0,10.0,0.0,0.0,0.0,0.100000001490116,0.0,0.0
1927972279,2016-04-23,1295.0,145.0,0.0,0.0,0.0,2.03999996185303,0.0,0.0
1927972279,2016-04-24,1358.0,75.0,6.0,1.0,0.0,1.13999998569489,0.239999994635582,0.0700000002980232
1927972279,2016-04-25,1303.0,12.0,0.0,0.0,0.0,0.109999999403954,0.0,0.0
1927972279,2016-04-26,1058.0,192.0,0.0,0.0,0.0,2.59999990463257,0.0,0.0
1927972279,2016-04-27,1440.0,0.0,0.0,0.0,0.0,0.0,0.0,0.0
1927972279,2016-04-28,1167.0,95.0,0.0,0.0,0.0,1.1599999666214,0.0,0.0
1927972279,2016-04-29,1440.0,0.0,0.0,0.0,0.0,0.0,0.0,0.0
1927972279,2016-04-30,1440.0,0.0,0.0,0.0,0.0,0.0,0.0,0.0
1927972279,2016-05-01,1355.0,70.0,1.0,14.0,0.0,0.829999983310699,0.0299999993294477,1.00999999046326
1927972279,2016-05-02,1322.0,94.0,8.0,16.0,0.0,1.1599999666214,0.300000011920929,1.1599999666214
1927972279,2016-05-03,1413.0,17.0,0.0,10.0,0.0,0.180000007152557,0.0,0.730000019073486
1927972279,2016-05-04,1353.0,87.0,0.0,0.0,0.0,1.24000000953674,0.0,0.0
1927972279,2016-05-05,1440.0,0.0,0.0,0.0,0.0,0.0,0.0,0.0
1927972279,2016-05-06,1332.0,108.0,0.0,0.0,0.0,1.45000004768372,0.0,0.0
1927972279,2016-05-07,1392.0,48.0,0.0,0.0,0.0,1.03999996185303,0.0,0.0
1927972279,2016-05-08,1440.0,0.0,0.0,0.0,0.0,0.0,0.0,0.0
1927972279,2016-05-09,1440.0,0.0,0.0,0.0,0.0,0.0,0.0,0.0
1927972279,2016-05-10,1440.0,0.0,0.0,0.0,0.0,0.0,0.0,0.0
1927972279,2016-05-11,1440.0,0.0,0.0,0.0,0.0,0.0,0.0,0.0
1927972279,2016-05-12,966.0,0.0,0.0,0.0,0.0,0.0,0.0,0.0
2022484408,2016-04-12,1157.0,227.0,14.0,42.0,0.0,4.26000022888184,0.769999980926514,3.30999994277954
2022484408,2016-04-13,1100.0,292.0,5.0,43.0,0.0,5.40999984741211,0.100000001490116,2.99000000953674
2022484408,2016-04-14,1148.0,257.0,3.0,32.0,0.0,4.82000017166138,0.209999993443489,2.48000001907349
2022484408,2016-04-15,1122.0,282.0,9.0,27.0,0.0,5.78000020980835,0.310000002384186,1.94000005722046
2022484408,2016-04-16,1237.0,151.0,11.0,41.0,0.0,3.39000010490417,0.550000011920929,3.15000009536743
2022484408,2016-04-17,1052.0,331.0,29.0,28.0,0.0,6.88000011444092,0.660000026226044,3.86999988555908
2022484408,2016-04-18,1078.0,311.0,3.0,48.0,0.0,6.30000019073486,0.119999997317791,3.64000010490417
2022484408,2016-04-19,1152.0,250.0,7.0,31.0,0.0,5.0,0.239999994635582,3.28999996185303
2022484408,2016-04-20,1053.0,276.0,63.0,48.0,0.0,5.40000009536743,1.92999994754791,3.33999991416931
2022484408,2016-04-21,1028.0,255.0,53.0,104.0,0.0,4.30999994277954,1.11000001430511,3.32999992370605
2022484408,2016-04-22,1105.0,273.0,10.0,52.0,0.0,4.46999979019165,0.419999986886978,4.42999982833862
2022484408,2016-04-23,1191.0,249.0,0.0,0.0,0.0,4.21000003814697,0.0,0.0
2022484408,2016-04-24,1161.0,216.0,26.0,37.0,0.0,4.57999992370605,1.14999997615814,4.55000019073486
2022484408,2016-04-25,1171.0,217.0,8.0,44.0,0.0,4.46000003814697,0.219999998807907,3.32999992370605
2022484408,2016-04-26,1086.0,275.0,24.0,55.0,0.0,5.1100001335144,0.660000026226044,1.42999994754791
2022484408,2016-04-27,1119.0,282.0,20.0,19.0,0.0,5.11999988555908,0.970000028610229,1.03999996185303
2022484408,2016-04-28,1123.0,291.0,20.0,6.0,0.0,5.3899998664856,1.33000004291534,0.409999996423721
2022484408,2016-04-29,1098.0,281.0,40.0,21.0,0.0,5.5,1.21000003814697,0.479999989271164
2022484408,2016-04-30,1043.0,361.0,23.0,13.0,0.0,10.5699996948242,1.39999997615814,0.939999997615814
2022484408,2016-05-01,1142.0,245.0,28.0,25.0,0.0,4.5,0.959999978542328,1.94000005722046
2022484408,2016-05-02,1119.0,277.0,8.0,36.0,0.0,4.32999992370605,0.340000003576279,2.60999989509583
2022484408,2016-05-03,1104.0,250.0,14.0,72.0,0.0,4.28000020980835,0.46000000834465,3.99000000953674
2022484408,2016-05-04,1105.0,272.0,27.0,36.0,0.0,4.84999990463257,0.930000007152557,2.50999999046326
2022484408,2016-05-05,1112.0,253.0,20.0,55.0,0.0,4.69999980926514,0.860000014305115,2.78999996185303
2022484408,2016-05-06,1104.0,295.0,17.0,24.0,0.0,4.6399998664856,0.670000016689301,1.87000000476837
2022484408,2016-05-07,1269.0,149.0,2.0,20.0,0.0,3.01999998092651,0.0799999982118607,1.61000001430511
2022484408,2016-05-08,1305.0,135.0,0.0,0.0,0.0,2.30999994277954,0.0,0.0
2022484408,2016-05-09,1061.0,297.0,47.0,35.0,0.0,5.6399998664856,1.62999999523163,2.11999988555908
2022484408,2016-05-10,1084.0,271.0,28.0,57.0,0.0,5.55999994277954,1.21000003814697,2.22000002861023
2022484408,2016-05-11,1133.0,224.0,25.0,58.0,0.0,3.99000000953674,1.14999997615814,4.17999982833862
2022484408,2016-05-12,728.0,236.0,16.0,16.0,0.0,4.44000005722046,0.670000016689301,1.27999997138977
2026352035,2016-04-12,706.0,181.0,8.0,3.0,0.0,2.20000004768372,0.349999994039536,0.189999997615814
2026352035,2016-04-13,663.0,238.0,0.0,0.0,0.0,3.09999990463257,0.0,0.0
2026352035,2016-04-14,653.0,197.0,0.0,0.0,0.0,2.04999995231628,0.0,0.0
2026352035,2016-04-15,687.0,188.0,0.0,0.0,0.0,2.36999988555908,0.0,0.0
2026352035,2016-04-16,728.0,150.0,0.0,0.0,0.0,1.58000004291534,0.0,0.0
2026352035,2016-04-17,1053.0,60.0,0.0,0.0,0.0,0.519999980926514,0.0,0.0
2026352035,2016-04-18,1062.0,182.0,0.0,0.0,0.0,2.05999994277954,0.0,0.0
2026352035,2016-04-19,785.0,141.0,0.0,0.0,0.0,1.5,0.0,0.0
2026352035,2016-04-20,623.0,327.0,0.0,0.0,0.0,4.48000001907349,0.0,0.0
2026352035,2016-04-21,749.0,153.0,0.0,0.0,0.0,1.52999997138977,0.0,0.0
2026352035,2016-04-22,712.0,162.0,0.0,0.0,0.0,1.80999994277954,0.0,0.0
2026352035,2016-04-23,458.0,432.0,0.0,0.0,0.0,7.71000003814697,0.0,0.0
2026352035,2016-04-24,704.0,164.0,0.0,0.0,0.0,2.16000008583069,0.0,0.0
2026352035,2016-04-25,821.0,260.0,0.0,0.0,0.0,3.73000001907349,0.0,0.0
2026352035,2016-04-26,1018.0,288.0,0.0,0.0,0.0,3.6800000667572,0.0,0.0
2026352035,2016-04-27,586.0,286.0,0.0,0.0,0.0,3.76999998092651,0.0,0.0
2026352035,2016-04-28,626.0,331.0,0.0,0.0,0.0,3.95000004768372,0.0,0.0
2026352035,2016-04-29,492.0,352.0,0.0,0.0,0.0,4.71000003814697,0.0,0.0
2026352035,2016-04-30,594.0,233.0,0.0,0.0,0.0,2.9300000667572,0.0,0.0
2026352035,2016-05-01,716.0,191.0,0.0,0.0,0.0,2.27999997138977,0.0,0.0
2026352035,2016-05-02,716.0,355.0,0.0,0.0,0.0,4.34999990463257,0.0,0.0
2026352035,2016-05-03,981.0,304.0,0.0,0.0,0.0,3.72000002861023,0.0,0.0
2026352035,2016-05-04,530.0,345.0,0.0,0.0,0.0,4.07000017166138,0.0,0.0
2026352035,2016-05-05,479.0,475.0,0.0,0.0,0.0,7.53999996185303,0.0,0.0
2026352035,2016-05-06,511.0,383.0,0.0,0.0,0.0,5.07999992370605,0.0,0.0
2026352035,2016-05-07,665.0,229.0,0.0,0.0,0.0,2.59999990463257,0.0,0.0
2026352035,2016-05-08,610.0,258.0,0.0,0.0,0.0,3.45000004768372,0.0,0.0
2026352035,2016-05-09,543.0,401.0,0.0,0.0,0.0,6.59999990463257,0.0,0.0
2026352035,2016-05-10,1002.0,17.0,0.0,0.0,0.0,0.159999996423721,0.0,0.0
2026352035,2016-05-11,569.0,330.0,0.0,0.0,0.0,5.32000017166138,0.0,0.0
2026352035,2016-05-12,330.0,343.0,0.0,0.0,0.0,5.51000022888184,0.0,0.0
2320127002,2016-04-12,1112.0,306.0,9.0,13.0,0.0,6.01000022888184,0.310000002384186,1.16999995708466
2320127002,2016-04-13,1105.0,335.0,0.0,0.0,0.0,4.90000009536743,0.0,0.0
2320127002,2016-04-14,1249.0,191.0,0.0,0.0,0.0,2.6800000667572,0.0,0.0
2320127002,2016-04-15,1195.0,245.0,0.0,0.0,0.0,3.50999999046326,0.0,0.0
2320127002,2016-04-16,1245.0,195.0,0.0,0.0,0.0,3.40000009536743,0.0,0.0
2320127002,2016-04-17,1191.0,249.0,0.0,0.0,0.0,4.17999982833862,0.0,0.0
2320127002,2016-04-18,1173.0,260.0,7.0,0.0,0.0,4.1399998664856,0.259999990463257,0.0
2320127002,2016-04-19,1201.0,228.0,11.0,0.0,0.0,3.66000008583069,0.379999995231628,0.0
2320127002,2016-04-20,1146.0,283.0,11.0,0.0,0.0,4.34000015258789,0.490000009536743,0.0
2320127002,2016-04-21,1302.0,127.0,10.0,1.0,0.0,1.80999994277954,0.419999986886978,0.0599999986588955
2320127002,2016-04-22,1174.0,266.0,0.0,0.0,0.0,3.75999999046326,0.0,0.0
2320127002,2016-04-23,1129.0,242.0,0.0,0.0,0.0,3.42000007629395,0.0,0.0
2320127002,2016-04-24,1236.0,204.0,0.0,0.0,0.0,2.79999995231628,0.0,0.0
2320127002,2016-04-25,1280.0,152.0,5.0,3.0,0.0,1.99000000953674,0.200000002980232,0.230000004172325
2320127002,2016-04-26,1293.0,147.0,0.0,0.0,0.0,2.29999995231628,0.0,0.0
2320127002,2016-04-27,1358.0,82.0,0.0,0.0,0.0,1.1599999666214,0.0,0.0
2320127002,2016-04-28,1364.0,76.0,0.0,0.0,0.0,1.02999997138977,0.0,0.0
2320127002,2016-04-29,1395.0,45.0,0.0,0.0,0.0,0.620000004768372,0.0,0.0
2320127002,2016-04-30,1206.0,234.0,0.0,0.0,0.0,3.0699999332428,0.0,0.0
2320127002,2016-05-01,1400.0,40.0,0.0,0.0,0.0,0.519999980926514,0.0,0.0
2320127002,2016-05-02,1306.0,123.0,6.0,5.0,0.0,1.87999999523163,0.209999993443489,0.360000014305115
2320127002,2016-05-03,1204.0,206.0,10.0,20.0,0.0,3.16000008583069,0.370000004768372,1.49000000953674
2320127002,2016-05-04,1388.0,52.0,0.0,0.0,0.0,0.810000002384186,0.0,0.0
2320127002,2016-05-05,1206.0,223.0,11.0,0.0,0.0,3.10999989509583,0.389999985694885,0.0
2320127002,2016-05-06,1236.0,204.0,0.0,0.0,0.0,3.28999996185303,0.0,0.0
2320127002,2016-05-07,1121.0,319.0,0.0,0.0,0.0,4.96999979019165,0.0,0.0
2320127002,2016-05-08,1193.0,247.0,0.0,0.0,0.0,3.47000002861023,0.0,0.0
2320127002,2016-05-09,1295.0,145.0,0.0,0.0,0.0,2.07999992370605,0.0,0.0
2320127002,2016-05-10,1150.0,290.0,0.0,0.0,0.0,4.19999980926514,0.0,0.0
2320127002,2016-05-11,1140.0,300.0,0.0,0.0,0.0,4.32999992370605,0.0,0.0
2320127002,2016-05-12,830.0,128.0,0.0,0.0,0.0,1.78999996185303,0.0,0.0
2347167796,2016-04-12,964.0,320.0,13.0,28.0,0.0,4.19999980926514,0.620000004768372,2.0
2347167796,2016-04-13,676.0,195.0,32.0,19.0,0.0,3.41000008583069,1.94000005722046,1.6599999666214
2347167796,2016-04-14,705.0,206.0,48.0,1.0,0.0,3.94000005722046,2.74000000953674,0.0199999995529652
2347167796,2016-04-15,720.0,284.0,24.0,1.0,0.0,5.42999982833862,1.41999995708466,0.0700000002980232
2347167796,2016-04-16,968.0,268.0,72.0,66.0,0.0,5.53000020980835,4.09999990463257,5.44999980926514
2347167796,2016-04-17,508.0,249.0,7.0,1.0,0.0,3.25999999046326,0.280000001192093,0.0799999982118607
2347167796,2016-04-18,678.0,206.0,16.0,11.0,0.0,3.78999996185303,0.860000014305115,0.790000021457672
2347167796,2016-04-19,648.0,382.0,7.0,0.0,0.0,4.44000005722046,0.0,0.0
2347167796,2016-04-20,1011.0,269.0,43.0,11.0,0.0,4.78000020980835,1.80999994277954,0.680000007152557
2347167796,2016-04-21,761.0,208.0,26.0,23.0,0.0,3.38000011444092,1.52999997138977,1.85000002384186
2347167796,2016-04-22,781.0,206.0,27.0,9.0,0.0,2.92000007629395,1.67999994754791,0.560000002384186
2347167796,2016-04-23,591.0,360.0,35.0,32.0,0.0,7.15000009536743,1.45000004768372,2.77999997138977
2347167796,2016-04-24,584.0,360.0,0.0,0.0,0.0,6.26000022888184,0.0,0.0
2347167796,2016-04-25,653.0,277.0,11.0,15.0,0.0,4.59999990463257,0.519999980926514,1.26999998092651
2347167796,2016-04-26,732.0,227.0,0.0,0.0,0.0,3.95000004768372,0.0,0.0
2347167796,2016-04-27,623.0,295.0,9.0,26.0,0.0,5.32000017166138,0.400000005960464,1.86000001430511
2347167796,2016-04-28,764.0,229.0,0.0,0.0,0.0,3.59999990463257,0.0,0.0
2347167796,2016-04-29,2.0,4.0,0.0,0.0,0.0,0.0299999993294477,0.0,0.0
2873212765,2016-04-12,1061.0,356.0,21.0,2.0,0.0,4.88000011444092,0.930000007152557,0.109999999403954
2873212765,2016-04-13,1028.0,404.0,8.0,0.0,0.0199999995529652,4.88000011444092,0.219999998807907,0.0
2873212765,2016-04-14,1109.0,331.0,0.0,0.0,0.0,5.32000017166138,0.0,0.0
2873212765,2016-04-15,992.0,448.0,0.0,0.0,0.0099999997764825,5.69000005722046,0.0,0.0
2873212765,2016-04-16,1087.0,305.0,1.0,47.0,0.0099999997764825,3.50999999046326,0.0199999995529652,3.10999989509583
2873212765,2016-04-17,1272.0,160.0,8.0,0.0,0.0,1.3400000333786,0.349999994039536,0.0
2873212765,2016-04-18,1122.0,311.0,6.0,1.0,0.0,4.8899998664856,0.280000001192093,0.0700000002980232
2873212765,2016-04-19,1051.0,389.0,0.0,0.0,0.0,5.3600001335144,0.0,0.0
2873212765,2016-04-20,1035.0,378.0,5.0,22.0,0.0099999997764825,4.65999984741211,0.119999997317791,1.50999999046326
2873212765,2016-04-21,1057.0,371.0,10.0,2.0,0.0099999997764825,5.46999979019165,0.370000004768372,0.129999995231628
2873212765,2016-04-22,1028.0,366.0,0.0,46.0,0.0199999995529652,4.42000007629395,0.0,0.46000000834465
2873212765,2016-04-23,1077.0,330.0,5.0,28.0,0.0099999997764825,4.01999998092651,0.230000004172325,2.08999991416931
2873212765,2016-04-24,1203.0,190.0,1.0,46.0,0.0,1.62000000476837,0.0599999986588955,3.0
2873212765,2016-04-25,1081.0,359.0,0.0,0.0,0.0,4.94999980926514,0.0,0.0
2873212765,2016-04-26,1124.0,309.0,5.0,2.0,0.0,5.23999977111816,0.180000007152557,0.119999997317791
2873212765,2016-04-27,1197.0,197.0,0.0,46.0,0.0,2.35999989509583,0.0,0.0
2873212765,2016-04-28,1192.0,213.0,7.0,28.0,0.0,2.91000008583069,0.340000003576279,2.16000008583069
2873212765,2016-04-29,1191.0,206.0,23.0,20.0,0.0,2.1800000667572,1.4099999666214,1.36000001430511
2873212765,2016-04-30,1167.0,248.0,20.0,5.0,0.0099999997764825,4.26000022888184,1.08000004291534,0.330000013113022
2873212765,2016-05-01,1219.0,196.0,18.0,7.0,0.0,3.44000005722046,1.03999996185303,0.490000009536743
2873212765,2016-05-02,1099.0,334.0,7.0,0.0,0.0199999995529652,4.82999992370605,0.209999993443489,0.0
2873212765,2016-05-03,1070.0,363.0,6.0,1.0,0.0099999997764825,4.65999984741211,0.25,0.0599999986588955
2873212765,2016-05-04,1020.0,420.0,0.0,0.0,0.0,5.55999994277954,0.0,0.0
2873212765,2016-05-05,1093.0,311.0,23.0,13.0,0.0,4.03000020980835,0.800000011920929,0.779999971389771
2873212765,2016-05-06,1065.0,370.0,5.0,0.0,0.0099999997764825,4.6100001335144,0.119999997317791,0.0
2873212765,2016-05-07,1302.0,52.0,11.0,75.0,0.0,0.550000011920929,0.550000011920929,2.27999997138977
2873212765,2016-05-08,1068.0,326.0,0.0,46.0,0.0,2.64000010490417,0.0,2.90000009536743
2873212765,2016-05-09,1095.0,345.0,0.0,0.0,0.0,5.19000005722046,0.0,0.0
2873212765,2016-05-10,1067.0,373.0,0.0,0.0,0.0099999997764825,5.55000019073486,0.0,0.0
2873212765,2016-05-11,1121.0,319.0,0.0,0.0,0.0099999997764825,4.32000017166138,0.0,0.0
2873212765,2016-05-12,720.0,268.0,0.0,0.0,0.0,5.1100001335144,0.0,0.0
3372868164,2016-04-12,1160.0,280.0,0.0,0.0,0.0099999997764825,3.23000001907349,0.0,0.0
3372868164,2016-04-13,1045.0,371.0,8.0,16.0,0.0199999995529652,5.26999998092651,0.340000003576279,0.990000009536743
3372868164,2016-04-14,1039.0,370.0,25.0,6.0,0.0099999997764825,4.65000009536743,1.02999997138977,0.340000003576279
3372868164,2016-04-15,1105.0,335.0,0.0,0.0,0.0199999995529652,5.05999994277954,0.0,0.0
3372868164,2016-04-16,1084.0,356.0,0.0,0.0,0.0299999993294477,4.69999980926514,0.0,0.0
3372868164,2016-04-17,1105.0,322.0,2.0,11.0,0.0099999997764825,4.3600001335144,0.100000001490116,1.4099999666214
3372868164,2016-04-18,1070.0,343.0,7.0,20.0,0.0,3.34999990463257,0.200000002980232,1.08000004291534
3372868164,2016-04-19,1064.0,376.0,0.0,0.0,0.0199999995529652,5.23999977111816,0.0,0.0
3372868164,2016-04-20,1148.0,274.0,3.0,15.0,0.0199999995529652,2.38000011444092,0.0900000035762787,0.839999973773956
3372868164,2016-04-21,1037.0,376.0,9.0,18.0,0.0099999997764825,4.6399998664856,0.259999990463257,1.14999997615814
3372868164,2016-04-22,1234.0,206.0,0.0,0.0,0.0099999997764825,2.60999989509583,0.0,0.0
3372868164,2016-04-23,1115.0,303.0,2.0,20.0,0.0,3.57999992370605,0.0799999982118607,1.39999997615814
3372868164,2016-04-24,1127.0,292.0,7.0,14.0,0.0199999995529652,3.49000000953674,0.189999997615814,0.889999985694885
3372868164,2016-04-25,1024.0,416.0,0.0,0.0,0.0,4.09000015258789,0.0,0.0
3372868164,2016-04-26,1083.0,333.0,2.0,22.0,0.0099999997764825,3.86999988555908,0.0500000007450581,1.85000002384186
3372868164,2016-04-27,1057.0,346.0,13.0,24.0,0.0099999997764825,3.19000005722046,0.629999995231628,1.58000004291534
3372868164,2016-04-28,1055.0,385.0,0.0,0.0,0.0,3.75999999046326,0.0,0.0
3372868164,2016-04-29,1038.0,402.0,0.0,0.0,0.0099999997764825,6.21999979019165,0.0,0.0
3372868164,2016-04-30,1119.0,300.0,4.0,17.0,0.0099999997764825,2.42000007629395,0.0900000035762787,1.05999994277954
3372868164,2016-05-01,842.0,172.0,0.0,0.0,0.0,2.08999991416931,0.0,0.0
3977333714,2016-04-12,777.0,131.0,19.0,44.0,0.0,2.00999999046326,0.910000026226044,3.05999994277954
3977333714,2016-04-13,754.0,153.0,46.0,31.0,0.0,2.54999995231628,2.13000011444092,2.02999997138977
3977333714,2016-04-14,801.0,214.0,23.0,5.0,0.0,3.8199999332428,0.970000028610229,0.319999992847443
3977333714,2016-04-15,644.0,183.0,42.0,15.0,0.0,3.25999999046326,1.75,1.04999995231628
3977333714,2016-04-16,663.0,153.0,83.0,31.0,0.0,2.97000002861023,4.0,2.02999997138977
3977333714,2016-04-17,600.0,205.0,58.0,11.0,0.0,3.92000007629395,2.34999990463257,0.699999988079071
3977333714,2016-04-18,605.0,214.0,95.0,4.0,0.0,3.8199999332428,3.73000001907349,0.25
3977333714,2016-04-19,738.0,221.0,67.0,19.0,0.0,3.96000003814697,2.45000004768372,2.24000000953674
3977333714,2016-04-20,845.0,164.0,98.0,2.0,0.0,3.27999997138977,4.34999990463257,0.200000002980232
3977333714,2016-04-21,712.0,242.0,0.0,0.0,0.0,4.05999994277954,0.0,0.0
3977333714,2016-04-22,731.0,188.0,12.0,33.0,0.0,3.05999994277954,0.579999983310699,2.32999992370605
3977333714,2016-04-23,724.0,252.0,92.0,0.0,0.0,3.84999990463257,4.21999979019165,0.0
3977333714,2016-04-24,660.0,129.0,95.0,30.0,0.0,2.17000007629395,4.55999994277954,3.26999998092651
3977333714,2016-04-25,781.0,133.0,9.0,50.0,0.0,2.41000008583069,0.430000007152557,5.61999988555908
3977333714,2016-04-26,797.0,170.0,95.0,7.0,0.0,2.95000004768372,4.21999979019165,0.449999988079071
3977333714,2016-04-27,714.0,176.0,10.0,0.0,0.0,4.61999988555908,0.419999986886978,0.0
3977333714,2016-04-28,804.0,190.0,8.0,15.0,0.0,3.22000002861023,0.28999999165535,1.37000000476837
3977333714,2016-04-29,744.0,150.0,32.0,36.0,0.0,2.71000003814697,1.29999995231628,3.74000000953674
3977333714,2016-04-30,687.0,194.0,52.0,43.0,0.0,3.41000008583069,2.09999990463257,3.69000005722046
3977333714,2016-05-01,691.0,124.0,40.0,41.0,0.0,2.41000008583069,1.98000001907349,2.67000007629395
3977333714,2016-05-02,713.0,176.0,143.0,24.0,0.0,3.01999998092651,6.48000001907349,1.53999996185303
3977333714,2016-05-03,594.0,258.0,41.0,47.0,0.0,4.53000020980835,1.74000000953674,3.3199999332428
3977333714,2016-05-04,852.0,142.0,96.0,14.0,0.0,2.89000010490417,4.57999992370605,1.80999994277954
3977333714,2016-05-05,680.0,178.0,88.0,14.0,0.0,2.71000003814697,4.1100001335144,1.75999999046326
3977333714,2016-05-06,676.0,168.0,55.0,29.0,0.0,2.67000007629395,2.50999999046326,3.10999989509583
3977333714,2016-05-07,703.0,208.0,86.0,0.0,0.0,3.58999991416931,4.13000011444092,0.0
3977333714,2016-05-08,688.0,171.0,116.0,9.0,0.0,3.17000007629395,5.23999977111816,0.680000007152557
3977333714,2016-05-09,1159.0,151.0,122.0,8.0,0.0,3.54999995231628,5.59999990463257,0.769999980926514
3977333714,2016-05-10,676.0,196.0,115.0,1.0,0.0,3.30999994277954,5.40000009536743,0.0700000002980232
3977333714,2016-05-11,13.0,9.0,0.0,4.0,0.0,0.129999995231628,0.0,0.370000004768372
4020332650,2016-04-12,712.0,331.0,15.0,4.0,0.0,5.67999982833862,0.239999994635582,0.150000005960464
4020332650,2016-04-13,1440.0,0.0,0.0,0.0,0.0,0.0,0.0,0.0
4020332650,2016-04-14,1437.0,3.0,0.0,0.0,0.0,0.0299999993294477,0.0,0.0
4020332650,2016-04-15,1299.0,87.0,18.0,36.0,0.0,0.769999980926514,0.360000014305115,0.209999993443489
4020332650,2016-04-16,1222.0,55.0,21.0,65.0,0.0,0.589999973773956,0.370000004768372,0.449999988079071
4020332650,2016-04-17,1438.0,2.0,0.0,0.0,0.0,0.0099999997764825,0.0,0.0
4020332650,2016-04-18,1438.0,2.0,0.0,0.0,0.0,0.0399999991059303,0.0,0.0
4020332650,2016-04-19,1440.0,0.0,0.0,0.0,0.0,0.0,0.0,0.0
4020332650,2016-04-20,1440.0,0.0,0.0,0.0,0.0,0.0,0.0,0.0
4020332650,2016-04-21,1440.0,0.0,0.0,0.0,0.0,0.0,0.0,0.0
4020332650,2016-04-22,1440.0,0.0,0.0,0.0,0.0,0.0,0.0,0.0
4020332650,2016-04-23,1440.0,0.0,0.0,0.0,0.0,0.0,0.0,0.0
4020332650,2016-04-24,1440.0,0.0,0.0,0.0,0.0,0.0,0.0,0.0
4020332650,2016-04-25,1440.0,0.0,0.0,0.0,0.0,0.0,0.0,0.0
4020332650,2016-04-26,1440.0,0.0,0.0,0.0,0.0,0.0,0.0,0.0
4020332650,2016-04-27,1440.0,0.0,0.0,0.0,0.0,0.0,0.0,0.0
4020332650,2016-04-28,1440.0,0.0,0.0,0.0,0.0,0.0,0.0,0.0
4020332650,2016-04-29,1440.0,0.0,0.0,0.0,0.0,0.0,0.0,0.0
4020332650,2016-04-30,1440.0,0.0,0.0,0.0,0.0,0.0,0.0,0.0
4020332650,2016-05-01,1440.0,0.0,0.0,0.0,0.0,0.0,0.0,0.0
4020332650,2016-05-02,1350.0,31.0,11.0,0.0,0.0,0.28999999165535,0.0399999991059303,0.0
4020332650,2016-05-03,950.0,174.0,0.0,0.0,0.0500000007450581,3.15000009536743,0.0,0.0
4020332650,2016-05-04,531.0,346.0,46.0,13.0,0.0,5.57999992370605,1.03999996185303,0.670000016689301
4020332650,2016-05-05,916.0,196.0,42.0,38.0,0.0700000002980232,4.03999996185303,1.67999994754791,2.61999988555908
4020332650,2016-05-06,855.0,177.0,0.0,0.0,0.0099999997764825,3.09999990463257,0.0,0.0
4020332650,2016-05-07,1256.0,184.0,0.0,0.0,0.0,3.57999992370605,0.0,0.0
4020332650,2016-05-08,775.0,263.0,0.0,0.0,0.0,4.15000009536743,0.0,0.0
4020332650,2016-05-09,1225.0,173.0,5.0,3.0,0.0,2.94000005722046,0.119999997317791,0.200000002980232
4020332650,2016-05-10,774.0,206.0,0.0,0.0,0.0399999991059303,3.86999988555908,0.0,0.0
4020332650,2016-05-11,1296.0,134.0,8.0,2.0,0.0,2.32999992370605,0.170000001788139,0.109999999403954
4020332650,2016-05-12,721.0,21.0,0.0,0.0,0.0,0.409999996423721,0.0,0.0
4057192912,2016-04-12,1276.0,164.0,0.0,0.0,0.0,3.94000005722046,0.0,0.0
4057192912,2016-04-13,1280.0,160.0,0.0,0.0,0.0,4.36999988555908,0.0,0.0
4057192912,2016-04-14,1440.0,0.0,0.0,0.0,0.0,0.0,0.0,0.0
4057192912,2016-04-15,873.0,88.0,6.0,3.0,0.0,2.44000005722046,0.259999990463257,0.209999993443489
4319703577,2016-04-12,1440.0,0.0,0.0,0.0,0.0,0.0,0.0,0.0
4319703577,2016-04-13,1234.0,96.0,15.0,8.0,0.0,1.30999994277954,0.589999973773956,0.529999971389771
4319703577,2016-04-14,589.0,339.0,9.0,1.0,0.0,6.44000005722046,0.330000013113022,0.109999999403954
4319703577,2016-04-15,752.0,228.0,0.0,0.0,0.0,3.79999995231628,0.0,0.0
4319703577,2016-04-16,724.0,194.0,0.0,0.0,0.0,3.1800000667572,0.0,0.0
4319703577,2016-04-17,1363.0,3.0,0.0,0.0,0.0,0.0199999995529652,0.0,0.0
4319703577,2016-04-18,824.0,58.0,9.0,1.0,0.0,1.12000000476837,0.330000013113022,0.0700000002980232
4319703577,2016-04-19,604.0,311.0,0.0,0.0,0.0,5.98999977111816,0.0,0.0
4319703577,2016-04-20,671.0,306.0,18.0,0.0,0.0,5.30999994277954,0.680000007152557,0.0
4319703577,2016-04-21,1265.0,34.0,0.0,0.0,0.0,0.349999994039536,0.0,0.0
4319703577,2016-04-22,709.0,176.0,19.0,1.0,0.0,2.15000009536743,0.810000002384186,0.0599999986588955
4319703577,2016-04-23,546.0,233.0,0.0,0.0,0.0,3.30999994277954,0.0,0.0
4319703577,2016-04-24,692.0,191.0,5.0,1.0,0.0,2.47000002861023,0.200000002980232,0.0599999986588955
4319703577,2016-04-25,544.0,390.0,8.0,0.0,0.0,5.92999982833862,0.280000001192093,0.0
4319703577,2016-04-26,649.0,288.0,21.0,8.0,0.0,5.15000009536743,0.920000016689301,0.569999992847443
4319703577,2016-04-27,680.0,300.0,47.0,6.0,0.0,4.90999984741211,1.91999995708466,0.409999996423721
4319703577,2016-04-28,552.0,359.0,8.0,13.0,0.0,5.94000005722046,0.330000013113022,1.00999999046326
4319703577,2016-04-29,624.0,289.0,18.0,6.0,0.0,4.11999988555908,0.790000021457672,0.449999988079071
4319703577,2016-04-30,695.0,196.0,38.0,6.0,0.0,3.50999999046326,1.61000001430511,0.400000005960464
4319703577,2016-05-01,836.0,67.0,0.0,0.0,0.0,0.839999973773956,0.0,0.0
4319703577,2016-05-02,585.0,344.0,11.0,0.0,0.0,5.71000003814697,0.439999997615814,0.0
4319703577,2016-05-03,669.0,287.0,26.0,8.0,0.0,4.82999992370605,1.07000005245209,0.579999983310699
4319703577,2016-05-04,1106.0,313.0,13.0,8.0,0.0,5.84999990463257,0.579999983310699,0.589999973773956
4319703577,2016-05-05,957.0,328.0,34.0,27.0,0.0,5.44999980926514,1.4099999666214,2.63000011444092
4319703577,2016-05-06,692.0,314.0,11.0,6.0,0.0,5.46000003814697,0.469999998807907,0.409999996423721
4319703577,2016-05-07,586.0,279.0,28.0,3.0,0.0,4.07999992370605,1.04999995231628,0.189999997615814
4319703577,2016-05-08,603.0,153.0,0.0,0.0,0.0,2.46000003814697,0.0,0.0
4319703577,2016-05-09,490.0,374.0,14.0,2.0,0.0,6.25,0.560000002384186,0.140000000596046
4319703577,2016-05-10,555.0,329.0,12.0,3.0,0.0,5.69999980926514,0.46000000834465,0.209999993443489
4319703577,2016-05-11,574.0,311.0,18.0,3.0,0.0,5.17999982833862,0.740000009536743,0.200000002980232
4319703577,2016-05-12,0.0,2.0,0.0,0.0,0.0,0.0099999997764825,0.0,0.0
4388161847,2016-04-12,1440.0,0.0,0.0,0.0,0.0,0.0,0.0,0.0
4388161847,2016-04-13,1275.0,150.0,14.0,1.0,0.0,3.88000011444092,0.629999995231628,0.0599999986588955
4388161847,2016-04-14,945.0,219.0,35.0,10.0,0.0,5.61999988555908,1.07000005245209,0.129999995231628
4388161847,2016-04-15,837.0,299.0,0.0,0.0,0.0,6.73000001907349,0.0,0.0
4388161847,2016-04-16,609.0,253.0,9.0,6.0,0.0,4.44999980926514,0.400000005960464,0.209999993443489
4388161847,2016-04-17,721.0,201.0,0.0,0.0,0.0,3.57999992370605,0.0,0.0
4388161847,2016-04-18,1017.0,239.0,8.0,27.0,0.0,5.1399998664856,0.400000005960464,3.55999994277954
4388161847,2016-04-19,704.0,249.0,16.0,20.0,0.0,5.76999998092651,0.689999997615814,1.37000000476837
4388161847,2016-04-20,696.0,228.0,42.0,19.0,0.0,5.28999996185303,1.72000002861023,1.10000002384186
4388161847,2016-04-21,853.0,272.0,12.0,7.0,0.0,6.98000001907349,0.389999985694885,0.370000004768372
4388161847,2016-04-22,945.0,220.0,25.0,77.0,0.0,4.92000007629395,1.11000001430511,3.29999995231628
4388161847,2016-04-23,749.0,215.0,5.0,58.0,0.0,5.34999990463257,0.319999992847443,4.5
4388161847,2016-04-24,584.0,239.0,8.0,14.0,0.0,6.30000019073486,0.509999990463257,1.08000004291534
4388161847,2016-04-25,1054.0,301.0,31.0,11.0,0.0,7.84000015258789,1.39999997615814,0.730000019073486
4388161847,2016-04-26,673.0,224.0,23.0,14.0,0.0,5.26999998092651,1.05999994277954,0.939999997615814
4388161847,2016-04-27,684.0,241.0,48.0,11.0,0.0,5.3899998664856,2.50999999046326,0.699999988079071
4388161847,2016-04-28,878.0,234.0,9.0,19.0,0.0,6.03000020980835,0.430000007152557,1.28999996185303
4388161847,2016-04-29,1175.0,236.0,16.0,13.0,0.0,5.42000007629395,0.889999985694885,0.800000011920929
4388161847,2016-04-30,537.0,300.0,43.0,14.0,0.0,6.94000005722046,2.0,0.699999988079071
4388161847,2016-05-01,579.0,241.0,15.0,12.0,0.0,6.19999980926514,0.680000007152557,1.00999999046326
4388161847,2016-05-02,935.0,204.0,4.0,33.0,0.0,4.55000019073486,0.0799999982118607,3.76999998092651
4388161847,2016-05-03,984.0,306.0,18.0,18.0,0.0,7.88000011444092,0.779999971389771,1.12999999523163
4388161847,2016-05-04,632.0,251.0,21.0,35.0,0.0,5.80000019073486,0.930000007152557,2.78999996185303
4388161847,2016-05-05,896.0,199.0,39.0,12.0,0.0,5.09000015258789,1.66999995708466,0.629999995231628
4388161847,2016-05-06,1100.0,262.0,45.0,33.0,0.0,5.92999982833862,2.08999991416931,2.10999989509583
4388161847,2016-05-07,508.0,260.0,56.0,120.0,0.0,5.32999992370605,2.76999998092651,9.44999980926514
4388161847,2016-05-08,576.0,178.0,38.0,107.0,0.0,3.23000001907349,1.25999999046326,9.89000034332275
4388161847,2016-05-09,1020.0,258.0,19.0,6.0,0.0,6.78999996185303,0.730000019073486,0.340000003576279
4388161847,2016-05-10,648.0,267.0,14.0,13.0,0.0,6.46000003814697,0.649999976158142,0.810000002384186
4388161847,2016-05-11,858.0,256.0,18.0,8.0,0.0,6.53000020980835,0.790000021457672,0.529999971389771
4388161847,2016-05-12,825.0,108.0,0.0,0.0,0.0,2.58999991416931,0.0,0.0
4445114986,2016-04-12,787.0,196.0,0.0,0.0,0.0,2.20000004768372,0.0,0.0
4445114986,2016-04-13,840.0,194.0,0.0,0.0,0.0,1.99000000953674,0.0,0.0
4445114986,2016-04-14,717.0,231.0,0.0,0.0,0.0,2.67000007629395,0.0,0.0
4445114986,2016-04-15,711.0,350.0,0.0,0.0,0.0,4.82999992370605,0.0,0.0
4445114986,2016-04-16,716.0,225.0,0.0,0.0,0.0,2.65000009536743,0.0,0.0
4445114986,2016-04-17,1219.0,114.0,0.0,0.0,0.0,1.51999998092651,0.0,0.0
4445114986,2016-04-18,1247.0,162.0,6.0,25.0,0.0,1.95000004768372,0.28999999165535,2.0
4445114986,2016-04-19,895.0,121.0,0.0,0.0,0.0,1.38999998569489,0.0,0.0
4445114986,2016-04-20,841.0,137.0,0.0,0.0,0.0,1.38999998569489,0.0,0.0
4445114986,2016-04-21,756.0,215.0,0.0,0.0,0.0,2.53999996185303,0.0,0.0
4445114986,2016-04-22,706.0,317.0,0.0,0.0,0.0,4.57999992370605,0.0,0.0
4445114986,2016-04-23,1239.0,201.0,0.0,0.0,0.0,2.9300000667572,0.0,0.0
4445114986,2016-04-24,1196.0,244.0,0.0,0.0,0.0,3.35999989509583,0.0,0.0
4445114986,2016-04-25,916.0,179.0,0.0,0.0,0.0,2.26999998092651,0.0,0.0
4445114986,2016-04-26,839.0,180.0,1.0,29.0,0.0,1.96000003814697,0.0399999991059303,2.41000008583069
4445114986,2016-04-27,839.0,194.0,1.0,32.0,0.0,2.38000011444092,0.0299999993294477,2.61999988555908
4445114986,2016-04-28,762.0,236.0,0.0,0.0,0.0,3.00999999046326,0.0,0.0
4445114986,2016-04-29,1106.0,226.0,0.0,0.0,0.0,3.13000011444092,0.0,0.0
4445114986,2016-04-30,797.0,290.0,0.0,0.0,0.0,4.17999982833862,0.0,0.0
4445114986,2016-05-01,741.0,240.0,0.0,0.0,0.0,3.50999999046326,0.0,0.0
4445114986,2016-05-02,667.0,200.0,4.0,27.0,0.0,2.34999990463257,0.189999997615814,2.21000003814697
4445114986,2016-05-03,725.0,233.0,2.0,30.0,0.0,2.57999992370605,0.109999999403954,2.48000001907349
4445114986,2016-05-04,897.0,180.0,0.0,0.0,0.0,1.96000003814697,0.0,0.0
4445114986,2016-05-05,734.0,185.0,6.0,2.0,0.0,2.1800000667572,0.239999994635582,0.119999997317791
4445114986,2016-05-06,809.0,229.0,0.0,0.0,0.0,3.02999997138977,0.0,0.0
4445114986,2016-05-07,866.0,108.0,4.0,26.0,0.0,1.25,0.189999997615814,2.13000011444092
4445114986,2016-05-08,733.0,308.0,8.0,0.0,0.0,4.65000009536743,0.25,0.0
4445114986,2016-05-09,641.0,266.0,0.0,0.0,0.0,3.53999996185303,0.0,0.0
4445114986,2016-05-10,783.0,231.0,0.0,0.0,0.0,2.63000011444092,0.0,0.0
4445114986,2016-05-11,622.0,232.0,22.0,34.0,0.0,2.85999989509583,1.0,2.25
4445114986,2016-05-12,380.0,58.0,0.0,0.0,0.0,0.519999980926514,0.0,0.0
4558609924,2016-04-12,1122.0,318.0,0.0,0.0,0.0,3.39000010490417,0.0,0.0
4558609924,2016-04-13,1287.0,127.0,7.0,19.0,0.0,1.61000001430511,0.439999997615814,1.24000000953674
4558609924,2016-04-14,1161.0,279.0,0.0,0.0,0.0,4.48999977111816,0.0,0.0
4558609924,2016-04-15,1131.0,262.0,30.0,17.0,0.0,3.73000001907349,0.839999973773956,0.589999973773956
4558609924,2016-04-16,1112.0,308.0,12.0,8.0,0.0,3.5,0.75,0.550000011920929
4558609924,2016-04-17,1110.0,304.0,19.0,7.0,0.0,4.71000003814697,1.13999998569489,0.550000011920929
4558609924,2016-04-18,1080.0,331.0,15.0,14.0,0.0,4.0,0.930000007152557,0.980000019073486
4558609924,2016-04-19,1182.0,248.0,9.0,1.0,0.0,3.16000008583069,0.360000014305115,0.0500000007450581
4558609924,2016-04-20,1218.0,222.0,0.0,0.0,0.0,3.17000007629395,0.0,0.0
4558609924,2016-04-21,844.0,432.0,21.0,6.0,0.0,7.69999980926514,0.970000028610229,0.419999986886978
4558609924,2016-04-22,1122.0,273.0,25.0,20.0,0.0,3.47000002861023,1.5,1.37000000476837
4558609924,2016-04-23,1122.0,308.0,5.0,5.0,0.0,4.01000022888184,0.200000002980232,0.340000003576279
4558609924,2016-04-24,1045.0,395.0,0.0,0.0,0.0,5.65000009536743,0.0,0.0
4558609924,2016-04-25,993.0,340.0,10.0,18.0,0.0,4.51000022888184,0.25,0.589999973773956
4558609924,2016-04-26,1062.0,283.0,41.0,12.0,0.0,3.58999991416931,2.02999997138977,0.430000007152557
4558609924,2016-04-27,1087.0,312.0,14.0,27.0,0.0,3.46000003814697,0.889999985694885,1.96000003814697
4558609924,2016-04-28,985.0,367.0,11.0,1.0,0.0,5.94999980926514,0.270000010728836,0.0199999995529652
4558609924,2016-04-29,1096.0,197.0,29.0,15.0,0.0,2.30999994277954,1.85000002384186,1.01999998092651
4558609924,2016-04-30,1111.0,293.0,29.0,7.0,0.0,4.46000003814697,1.88999998569489,0.469999998807907
4558609924,2016-05-01,1121.0,190.0,0.0,0.0,0.0,2.26999998092651,0.0,0.0
4558609924,2016-05-02,1057.0,383.0,0.0,0.0,0.0,5.21999979019165,0.0,0.0
4558609924,2016-05-03,1172.0,237.0,10.0,21.0,0.0,2.59999990463257,0.280000001192093,0.600000023841858
4558609924,2016-05-04,1188.0,252.0,0.0,0.0,0.0,3.46000003814697,0.0,0.0
4558609924,2016-05-05,1048.0,370.0,8.0,14.0,0.0,5.51000022888184,0.5,1.00999999046326
4558609924,2016-05-06,1238.0,202.0,0.0,0.0,0.0,2.48000001907349,0.0,0.0
4558609924,2016-05-07,1116.0,233.0,16.0,23.0,0.0,2.82999992370605,1.0,1.61000001430511
4558609924,2016-05-08,1019.0,238.0,35.0,66.0,0.0,2.01999998092651,0.5,1.79999995231628
4558609924,2016-05-09,1065.0,339.0,30.0,6.0,0.0,5.51999998092651,1.62000000476837,0.430000007152557
4558609924,2016-05-10,1191.0,220.0,18.0,11.0,0.0,2.39000010490417,1.12000000476837,0.740000009536743
4558609924,2016-05-11,1081.0,324.0,31.0,4.0,0.0,3.94000005722046,1.82000005245209,0.259999990463257
4558609924,2016-05-12,736.0,247.0,0.0,0.0,0.0,4.17000007629395,0.0,0.0
4702921684,2016-04-12,718.0,263.0,0.0,0.0,0.0,5.84999990463257,0.0,0.0
4702921684,2016-04-13,777.0,258.0,0.0,0.0,0.0,5.57999992370605,0.0,0.0
4702921684,2016-04-14,772.0,271.0,0.0,0.0,0.0,6.36999988555908,0.0,0.0
4702921684,2016-04-15,944.0,256.0,8.0,1.0,0.0,4.78999996185303,0.419999986886978,0.0700000002980232
4702921684,2016-04-16,556.0,335.0,24.0,3.0,0.0,7.53999996185303,1.25,0.239999994635582
4702921684,2016-04-17,437.0,302.0,66.0,12.0,0.0,5.88000011444092,3.46000003814697,0.959999978542328
4702921684,2016-04-18,890.0,191.0,30.0,22.0,0.0,4.07000017166138,1.49000000953674,1.82000005245209
4702921684,2016-04-19,757.0,179.0,8.0,10.0,0.0,4.19000005722046,0.370000004768372,0.879999995231628
4702921684,2016-04-20,717.0,260.0,29.0,2.0,0.0,5.73000001907349,1.23000001907349,0.159999996423721
4702921684,2016-04-21,901.0,144.0,41.0,4.0,0.0,2.94000005722046,2.04999995231628,0.310000002384186
4702921684,2016-04-22,1341.0,72.0,0.0,0.0,0.0,1.35000002384186,0.0,0.0
4702921684,2016-04-23,469.0,408.0,66.0,9.0,0.0,8.27000045776367,3.24000000953674,0.759999990463257
4702921684,2016-04-24,542.0,281.0,95.0,15.0,0.0,5.88000011444092,5.11999988555908,1.20000004768372
4702921684,2016-04-25,730.0,270.0,15.0,6.0,0.0,6.1100001335144,0.819999992847443,0.490000009536743
4702921684,2016-04-26,765.0,216.0,8.0,1.0,0.0,4.53999996185303,0.349999994039536,0.0700000002980232
4702921684,2016-04-27,733.0,238.0,16.0,1.0,0.0,4.78000020980835,0.800000011920929,0.0900000035762787
4702921684,2016-04-28,738.0,232.0,9.0,14.0,0.0,5.76999998092651,0.419999986886978,1.12999999523163
4702921684,2016-04-29,692.0,267.0,19.0,12.0,0.0,6.07000017166138,0.920000016689301,1.05999994277954
4702921684,2016-04-30,728.0,263.0,36.0,4.0,0.0,5.88000011444092,2.02999997138977,0.319999992847443
4702921684,2016-05-01,1440.0,0.0,0.0,0.0,0.0,0.0,0.0,0.0
4702921684,2016-05-02,1131.0,195.0,40.0,5.0,0.0,3.75999999046326,1.74000000953674,0.379999995231628
4702921684,2016-05-03,729.0,313.0,0.0,0.0,0.0,7.67000007629395,0.0,0.0
4702921684,2016-05-04,757.0,251.0,15.0,4.0,0.0,5.53999996185303,0.730000019073486,0.340000003576279
4702921684,2016-05-05,745.0,241.0,5.0,8.0,0.0,6.09000015258789,0.219999998807907,0.670000016689301
4702921684,2016-05-06,682.0,207.0,16.0,1.0,0.0,4.86999988555908,0.660000026226044,0.0799999982118607
4702921684,2016-05-07,577.0,439.0,46.0,5.0,0.0,8.97000026702881,2.30999994277954,0.370000004768372
4702921684,2016-05-08,1019.0,192.0,125.0,9.0,0.0,3.53999996185303,6.21000003814697,0.680000007152557
4702921684,2016-05-09,746.0,253.0,12.0,0.0,0.0,6.09999990463257,0.569999992847443,0.0
4702921684,2016-05-10,701.0,262.0,37.0,1.0,0.0,6.65000009536743,1.87999999523163,0.0799999982118607
4702921684,2016-05-11,784.0,235.0,41.0,10.0,0.0,4.98000001907349,2.16000008583069,0.779999971389771
4702921684,2016-05-12,241.0,68.0,0.0,0.0,0.0,2.23000001907349,0.0,0.0
5553957443,2016-04-12,767.0,277.0,13.0,19.0,0.0,5.40999984741211,0.790000021457672,1.37000000476837
5553957443,2016-04-13,647.0,226.0,0.0,0.0,0.0,3.16000008583069,0.0,0.0
5553957443,2016-04-14,693.0,256.0,41.0,61.0,0.0,4.67000007629395,2.45000004768372,4.0
5553957443,2016-04-15,689.0,239.0,38.0,58.0,0.0,4.71000003814697,1.98000001907349,4.15999984741211
5553957443,2016-04-16,521.0,288.0,0.0,0.0,0.0,3.76999998092651,0.0,0.0
5553957443,2016-04-17,943.0,46.0,0.0,0.0,0.0,0.430000007152557,0.0,0.0
5553957443,2016-04-18,622.0,206.0,0.0,0.0,0.0,2.4300000667572,0.0,0.0
5553957443,2016-04-19,756.0,249.0,28.0,69.0,0.0,4.17999982833862,1.6599999666214,4.28000020980835
5553957443,2016-04-20,598.0,148.0,0.0,0.0,0.0,1.76999998092651,0.0,0.0
5553957443,2016-04-21,801.0,177.0,42.0,47.0,0.0,2.96000003814697,2.16000008583069,2.95000004768372
5553957443,2016-04-22,781.0,270.0,16.0,25.0,0.0,5.59999990463257,0.629999995231628,1.37999999523163
5553957443,2016-04-23,443.0,272.0,0.0,0.0,0.0,2.6800000667572,0.0,0.0
5553957443,2016-04-24,582.0,104.0,0.0,0.0,0.0,1.17999994754791,0.0,0.0
5553957443,2016-04-25,732.0,201.0,11.0,51.0,0.0,3.69000005722046,0.569999992847443,2.9300000667572
5553957443,2016-04-26,750.0,238.0,18.0,40.0,0.0,4.46000003814697,0.930000007152557,2.36999988555908
5553957443,2016-04-27,745.0,206.0,16.0,16.0,0.0,4.73999977111816,1.0,1.13999998569489
5553957443,2016-04-28,727.0,165.0,13.0,49.0,0.0,3.17000007629395,0.75,3.71000003814697
5553957443,2016-04-29,709.0,270.0,15.0,46.0,0.0,4.90999984741211,0.639999985694885,2.78999996185303
5553957443,2016-04-30,506.0,84.0,0.0,0.0,0.0,0.779999971389771,0.0,0.0
5553957443,2016-05-01,436.0,237.0,0.0,0.0,0.0,3.36999988555908,0.0,0.0
5553957443,2016-05-02,724.0,227.0,9.0,23.0,0.0,4.90000009536743,0.409999996423721,1.05999994277954
5553957443,2016-05-03,812.0,247.0,29.0,26.0,0.0,5.67999982833862,1.20000004768372,1.5
5553957443,2016-05-04,651.0,224.0,0.0,0.0,0.0,2.76999998092651,0.0,0.0
5553957443,2016-05-05,692.0,241.0,29.0,44.0,0.0,4.42999982833862,1.6599999666214,3.4300000667572
5553957443,2016-05-06,761.0,229.0,9.0,21.0,0.0,4.23000001907349,0.540000021457672,1.51999998092651
5553957443,2016-05-07,902.0,96.0,0.0,0.0,0.0,1.22000002861023,0.0,0.0
5553957443,2016-05-08,505.0,210.0,8.0,3.0,0.0,3.29999995231628,0.469999998807907,0.219999998807907
5553957443,2016-05-09,667.0,251.0,22.0,59.0,0.0,4.55999994277954,0.889999985694885,2.13000011444092
5553957443,2016-05-10,707.0,265.0,40.0,61.0,0.0,5.19999980926514,1.61000001430511,3.86999988555908
5553957443,2016-05-11,628.0,195.0,0.0,0.0,0.0,3.22000002861023,0.0,0.0
5553957443,2016-05-12,222.0,48.0,6.0,8.0,0.0,1.05999994277954,0.400000005960464,0.579999983310699
5577150313,2016-04-12,728.0,140.0,16.0,86.0,0.0,2.09999990463257,0.379999995231628,3.59999990463257
5577150313,2016-04-13,776.0,144.0,11.0,15.0,0.0,3.25,0.219999998807907,0.319999992847443
5577150313,2016-04-14,662.0,176.0,30.0,118.0,0.0,2.77999997138977,0.310000002384186,3.32999992370605
5577150313,2016-04-15,695.0,199.0,54.0,115.0,0.0,3.55999994277954,1.60000002384186,3.92000007629395
5577150313,2016-04-16,472.0,158.0,56.0,184.0,0.0,2.73000001907349,1.27999997138977,6.6399998664856
5577150313,2016-04-17,525.0,159.0,37.0,200.0,0.0,2.3199999332428,0.829999983310699,5.98000001907349
5577150313,2016-04-18,623.0,130.0,32.0,114.0,0.0,1.82000005245209,0.720000028610229,4.8600001335144
5577150313,2016-04-19,733.0,111.0,23.0,108.0,0.0,1.75999999046326,0.639999985694885,7.01999998092651
5577150313,2016-04-20,773.0,113.0,16.0,87.0,0.0,1.75999999046326,0.340000003576279,4.11999988555908
5577150313,2016-04-21,670.0,175.0,74.0,110.0,0.0,2.77999997138977,1.6599999666214,3.65000009536743
5577150313,2016-04-22,823.0,200.0,30.0,62.0,0.0,3.29999995231628,0.790000021457672,2.42000007629395
5577150313,2016-04-23,627.0,223.0,24.0,24.0,0.0,4.1399998664856,0.360000014305115,1.21000003814697
5577150313,2016-04-24,425.0,141.0,65.0,210.0,0.0,1.98000001907349,2.15000009536743,7.65000009536743
5577150313,2016-04-25,743.0,214.0,38.0,61.0,0.0,2.75999999046326,0.670000016689301,1.35000002384186
5577150313,2016-04-26,759.0,181.0,32.0,38.0,0.0,2.47000002861023,0.649999976158142,0.850000023841858
5577150313,2016-04-27,773.0,190.0,16.0,63.0,0.0,2.9300000667572,0.400000005960464,1.80999994277954
5577150313,2016-04-28,692.0,141.0,51.0,99.0,0.0,3.00999999046326,1.16999995708466,3.25
5577150313,2016-04-29,739.0,165.0,36.0,97.0,0.0,2.47000002861023,0.610000014305115,2.83999991416931
5577150313,2016-04-30,621.0,163.0,45.0,207.0,0.0,2.60999989509583,0.790000021457672,5.82999992370605
5577150313,2016-05-01,499.0,178.0,72.0,194.0,0.0,3.24000000953674,1.44000005722046,5.30999994277954
5577150313,2016-05-02,732.0,235.0,20.0,37.0,0.0,4.07000017166138,0.349999994039536,1.12000000476837
5577150313,2016-05-03,580.0,212.0,8.0,97.0,0.0,3.5699999332428,0.150000005960464,4.51999998092651
5577150313,2016-05-04,631.0,141.0,9.0,25.0,0.0,2.07999992370605,0.25,1.55999994277954
5577150313,2016-05-05,1153.0,143.0,21.0,45.0,0.0,2.67000007629395,0.469999998807907,2.5
5577150313,2016-05-06,1304.0,79.0,16.0,41.0,0.0,1.45000004768372,0.319999992847443,1.92999994754791
5577150313,2016-05-07,1440.0,0.0,0.0,0.0,0.0,0.0,0.0,0.0
5577150313,2016-05-08,1440.0,0.0,0.0,0.0,0.0,0.0,0.0,0.0
5577150313,2016-05-09,1099.0,70.0,11.0,34.0,0.0,0.990000009536743,0.140000000596046,1.42999994754791
5577150313,2016-05-10,639.0,194.0,37.0,104.0,0.0,3.34999990463257,0.75,2.55999994277954
5577150313,2016-05-11,257.0,63.0,15.0,45.0,0.0,0.889999985694885,0.300000011920929,1.83000004291534
6117666160,2016-04-12,1440.0,0.0,0.0,0.0,0.0,0.0,0.0,0.0
6117666160,2016-04-13,1440.0,0.0,0.0,0.0,0.0,0.0,0.0,0.0
6117666160,2016-04-14,1440.0,0.0,0.0,0.0,0.0,0.0,0.0,0.0
6117666160,2016-04-15,921.0,513.0,6.0,0.0,0.0,10.3000001907349,0.280000001192093,0.0
6117666160,2016-04-16,502.0,518.0,15.0,7.0,0.0,9.47999954223633,0.850000023841858,0.579999983310699
6117666160,2016-04-17,702.0,312.0,0.0,0.0,0.0,5.40000009536743,0.0,0.0
6117666160,2016-04-18,759.0,241.0,0.0,0.0,0.0,3.89000010490417,0.0,0.0
6117666160,2016-04-19,425.0,480.0,0.0,0.0,0.0,8.40999984741211,0.0,0.0
6117666160,2016-04-20,587.0,349.0,10.0,26.0,0.0,5.51999998092651,0.479999989271164,2.02999997138977
6117666160,2016-04-21,579.0,294.0,19.0,11.0,0.0,5.61999988555908,0.400000005960464,0.980000019073486
6117666160,2016-04-22,413.0,402.0,0.0,0.0,0.0,6.19999980926514,0.0,0.0
6117666160,2016-04-23,468.0,512.0,0.0,0.0,0.0,8.68000030517578,0.0,0.0
6117666160,2016-04-24,711.0,362.0,0.0,0.0,0.0,5.76000022888184,0.0,0.0
6117666160,2016-04-25,1440.0,0.0,0.0,0.0,0.0,0.0,0.0,0.0
6117666160,2016-04-26,1077.0,352.0,7.0,0.0,0.0,6.86999988555908,0.340000003576279,0.0
6117666160,2016-04-27,417.0,458.0,0.0,0.0,0.0,7.1100001335144,0.0,0.0
6117666160,2016-04-28,758.0,141.0,0.0,0.0,0.0,2.59999990463257,0.0,0.0
6117666160,2016-04-29,479.0,461.0,0.0,0.0,0.0,7.23999977111816,0.0,0.0
6117666160,2016-04-30,1040.0,343.0,0.0,0.0,0.0,5.28000020980835,0.0,0.0
6117666160,2016-05-01,525.0,397.0,0.0,0.0,0.0,6.73000001907349,0.0,0.0
6117666160,2016-05-02,1204.0,236.0,0.0,0.0,0.0,3.73000001907349,0.0,0.0
6117666160,2016-05-03,1440.0,0.0,0.0,0.0,0.0,0.0,0.0,0.0
6117666160,2016-05-04,1279.0,156.0,0.0,0.0,0.0,2.25999999046326,0.0,0.0
6117666160,2016-05-05,479.0,487.0,0.0,0.0,0.0,7.40000009536743,0.0,0.0
6117666160,2016-05-06,673.0,133.0,0.0,0.0,0.0,2.6800000667572,0.0,0.0
6117666160,2016-05-07,456.0,412.0,0.0,0.0,0.0,5.53999996185303,0.0,0.0
6117666160,2016-05-08,517.0,318.0,0.0,0.0,0.0,5.53000020980835,0.0,0.0
6117666160,2016-05-09,125.0,197.0,0.0,0.0,0.0,3.38000011444092,0.0,0.0
6290855005,2016-04-12,1241.0,199.0,0.0,0.0,0.0,3.45000004768372,0.0,0.0
6290855005,2016-04-13,1090.0,350.0,0.0,0.0,0.0099999997764825,5.3899998664856,0.0,0.0
6290855005,2016-04-14,1077.0,363.0,0.0,0.0,0.0299999993294477,5.76999998092651,0.0,0.0
6290855005,2016-04-15,1112.0,328.0,0.0,0.0,0.0099999997764825,7.17000007629395,0.0,0.0
6290855005,2016-04-16,1182.0,258.0,0.0,0.0,0.0099999997764825,6.26999998092651,0.0,0.0
6290855005,2016-04-17,1172.0,225.0,12.0,31.0,0.0,4.0,0.790000021457672,1.13999998569489
6290855005,2016-04-18,1169.0,271.0,0.0,0.0,0.0199999995529652,5.19000005722046,0.0,0.0
6290855005,2016-04-19,1119.0,321.0,0.0,0.0,0.0099999997764825,5.3899998664856,0.0,0.0
6290855005,2016-04-20,1182.0,258.0,0.0,0.0,0.0099999997764825,4.80000019073486,0.0,0.0
6290855005,2016-04-21,1440.0,0.0,0.0,0.0,0.0,0.0,0.0,0.0
6290855005,2016-04-22,1138.0,302.0,0.0,0.0,0.0,4.71999979019165,0.0,0.0
6290855005,2016-04-23,1407.0,0.0,0.0,33.0,0.0,0.0,0.0,0.0
6290855005,2016-04-24,1182.0,258.0,0.0,0.0,0.0,4.46000003814697,0.0,0.0
6290855005,2016-04-25,1180.0,249.0,3.0,8.0,0.0099999997764825,5.03000020980835,0.180000007152557,0.680000007152557
6290855005,2016-04-26,1440.0,0.0,0.0,0.0,0.0,0.0,0.0,0.0
6290855005,2016-04-27,1153.0,287.0,0.0,0.0,0.0299999993294477,4.17999982833862,0.0,0.0
6290855005,2016-04-28,1185.0,255.0,0.0,0.0,0.0,4.32999992370605,0.0,0.0
6290855005,2016-04-29,1440.0,0.0,0.0,0.0,0.0,0.0,0.0,0.0
6290855005,2016-04-30,1116.0,324.0,0.0,0.0,0.0099999997764825,5.09000015258789,0.0,0.0
6290855005,2016-05-01,1055.0,282.0,95.0,8.0,0.0199999995529652,4.0,2.75,0.660000026226044
6290855005,2016-05-02,1172.0,268.0,0.0,0.0,0.0199999995529652,5.1100001335144,0.0,0.0
6290855005,2016-05-03,1200.0,240.0,0.0,0.0,0.0,4.57000017166138,0.0,0.0
6290855005,2016-05-04,1168.0,272.0,0.0,0.0,0.0099999997764825,4.40000009536743,0.0,0.0
6290855005,2016-05-05,1201.0,239.0,0.0,0.0,0.0,4.78999996185303,0.0,0.0
6290855005,2016-05-06,1135.0,305.0,0.0,0.0,0.0299999993294477,4.59000015258789,0.0,0.0
6290855005,2016-05-07,1213.0,227.0,0.0,0.0,0.0,4.15999984741211,0.0,0.0
6290855005,2016-05-08,1189.0,251.0,0.0,0.0,0.0,5.82000017166138,0.0,0.0
6290855005,2016-05-09,800.0,264.0,0.0,0.0,0.0199999995529652,4.73000001907349,0.0,0.0
6290855005,2016-05-10,1440.0,0.0,0.0,0.0,0.0,0.0,0.0,0.0
6775888955,2016-04-12,1440.0,0.0,0.0,0.0,0.0,0.0,0.0,0.0
6775888955,2016-04-13,1053.0,85.0,18.0,17.0,0.0,1.22000002861023,0.579999983310699,1.11000001430511
6775888955,2016-04-14,863.0,105.0,24.0,14.0,0.0,1.97000002861023,0.860000014305115,0.870000004768372
6775888955,2016-04-15,976.0,58.0,0.0,0.0,0.0,0.920000016689301,0.0,0.0
6775888955,2016-04-16,1377.0,9.0,18.0,36.0,0.0,0.0599999986588955,0.810000002384186,2.51999998092651
6775888955,2016-04-17,1392.0,19.0,24.0,5.0,0.0,0.310000002384186,1.12999999523163,0.349999994039536
6775888955,2016-04-18,1233.0,146.0,31.0,30.0,0.0,3.17000007629395,0.769999980926514,2.0
6775888955,2016-04-19,1440.0,0.0,0.0,0.0,0.0,0.0,0.0,0.0
6775888955,2016-04-20,1079.0,178.0,113.0,70.0,0.0,2.22000002861023,1.74000000953674,3.76999998092651
6775888955,2016-04-21,1440.0,0.0,0.0,0.0,0.0,0.0,0.0,0.0
6775888955,2016-04-22,1420.0,20.0,0.0,0.0,0.0,0.46000000834465,0.0,0.0
6775888955,2016-04-23,1440.0,0.0,0.0,0.0,0.0,0.0,0.0,0.0
6775888955,2016-04-24,1400.0,11.0,18.0,11.0,0.0,0.150000005960464,0.620000004768372,0.769999980926514
6775888955,2016-04-25,1302.0,92.0,13.0,33.0,0.0,1.89999997615814,0.46000000834465,2.26999998092651
6775888955,2016-04-26,1321.0,47.0,30.0,42.0,0.0,0.730000019073486,0.870000004768372,3.48000001907349
6775888955,2016-04-27,1440.0,0.0,0.0,0.0,0.0,0.0,0.0,0.0
6775888955,2016-04-28,1410.0,15.0,13.0,2.0,0.0,0.239999994635582,0.200000002980232,0.0599999986588955
6775888955,2016-04-29,1440.0,0.0,0.0,0.0,0.0,0.0,0.0,0.0
6775888955,2016-04-30,1344.0,84.0,9.0,3.0,0.0,1.48000001907349,0.159999996423721,0.159999996423721
6775888955,2016-05-01,1347.0,50.0,34.0,9.0,0.0,0.680000007152557,0.620000004768372,0.479999989271164
6775888955,2016-05-02,1440.0,0.0,0.0,0.0,0.0,0.0,0.0,0.0
6775888955,2016-05-03,1439.0,1.0,0.0,0.0,0.0,0.0099999997764825,0.0,0.0
6775888955,2016-05-04,1440.0,0.0,0.0,0.0,0.0,0.0,0.0,0.0
6775888955,2016-05-05,1440.0,0.0,0.0,0.0,0.0,0.0,0.0,0.0
6775888955,2016-05-06,1318.0,75.0,35.0,12.0,0.0,1.92999994754791,0.930000007152557,0.469999998807907
6775888955,2016-05-07,551.0,49.0,5.0,2.0,0.0,1.04999995231628,0.239999994635582,0.129999995231628
6962181067,2016-04-12,796.0,189.0,14.0,50.0,0.0,2.50999999046326,0.829999983310699,3.40000009536743
6962181067,2016-04-13,548.0,142.0,24.0,8.0,0.0,1.96000003814697,1.21000003814697,0.569999992847443
6962181067,2016-04-14,862.0,86.0,0.0,0.0,0.0,1.02999997138977,0.0,0.0
6962181067,2016-04-15,837.0,217.0,0.0,0.0,0.0,3.6800000667572,0.0,0.0
6962181067,2016-04-16,741.0,280.0,3.0,50.0,0.0,4.88000011444092,0.189999997615814,3.66000008583069
6962181067,2016-04-17,634.0,295.0,13.0,5.0,0.0,5.69000005722046,0.680000007152557,0.330000013113022
6962181067,2016-04-18,689.0,238.0,42.0,13.0,0.0,4.32000017166138,2.39000010490417,0.829999983310699
6962181067,2016-04-19,659.0,195.0,41.0,35.0,0.0,2.86999988555908,2.13000011444092,2.09999990463257
6962181067,2016-04-20,639.0,297.0,4.0,48.0,0.0,5.09000015258789,0.189999997615814,4.28000020980835
6962181067,2016-04-21,708.0,214.0,27.0,53.0,0.109999999403954,3.50999999046326,2.09999990463257,3.99000000953674
6962181067,2016-04-22,659.0,240.0,33.0,30.0,0.0,3.76999998092651,1.54999995231628,1.76999998092651
6962181067,2016-04-23,484.0,347.0,41.0,58.0,0.0,7.03999996185303,2.0,4.19999980926514
6962181067,2016-04-24,720.0,199.0,0.0,0.0,0.0,3.3199999332428,0.0,0.0
6962181067,2016-04-25,637.0,282.0,31.0,35.0,0.100000001490116,4.46000003814697,1.67999994754791,3.01999998092651
6962181067,2016-04-26,680.0,254.0,7.0,36.0,0.0,3.90000009536743,0.419999986886978,2.57999992370605
6962181067,2016-04-27,697.0,279.0,38.0,7.0,0.0,4.25,2.01999998092651,0.550000011920929
6962181067,2016-04-28,621.0,288.0,8.0,38.0,0.0,5.59000015258789,0.239999994635582,2.50999999046326
6962181067,2016-04-29,645.0,369.0,15.0,12.0,0.0,5.80999994277954,0.479999989271164,0.819999992847443
6962181067,2016-04-30,731.0,237.0,16.0,32.0,0.0,3.67000007629395,0.759999990463257,2.24000000953674
6962181067,2016-05-01,722.0,215.0,0.0,0.0,0.0,3.60999989509583,0.0,0.0
6962181067,2016-05-02,655.0,313.0,39.0,18.0,0.0,5.34000015258789,2.0,1.20000004768372
6962181067,2016-05-03,654.0,267.0,36.0,21.0,0.0,4.32999992370605,2.03999996185303,1.74000000953674
6962181067,2016-05-04,683.0,284.0,36.0,15.0,0.0,4.55000019073486,1.67999994754791,0.469999998807907
6962181067,2016-05-05,591.0,305.0,22.0,14.0,0.0,4.80999994277954,1.1599999666214,0.990000009536743
6962181067,2016-05-06,717.0,299.0,0.0,0.0,0.0,3.91000008583069,0.0,0.0
6962181067,2016-05-07,745.0,328.0,0.0,0.0,0.0,4.5,0.0,0.0
6962181067,2016-05-08,709.0,151.0,14.0,0.0,0.0,2.25,0.519999980926514,0.0
6962181067,2016-05-09,607.0,231.0,21.0,43.0,0.0,3.65000009536743,1.17999994754791,3.90000009536743
6962181067,2016-05-10,626.0,275.0,34.0,62.0,0.0,4.98999977111816,1.75,3.47000002861023
6962181067,2016-05-11,709.0,199.0,7.0,24.0,0.0,2.65000009536743,0.310000002384186,1.49000000953674
6962181067,2016-05-12,127.0,105.0,8.0,0.0,0.0,2.10999989509583,0.25,0.0
7007744171,2016-04-12,1024.0,355.0,8.0,53.0,0.0,5.40999984741211,0.379999995231628,4.5
7007744171,2016-04-13,1101.0,261.0,22.0,56.0,0.0,4.48000001907349,0.560000002384186,4.6100001335144
7007744171,2016-04-14,1096.0,304.0,6.0,34.0,0.0,4.96000003814697,0.340000003576279,2.95000004768372
7007744171,2016-04-15,1238.0,202.0,0.0,0.0,0.0,3.52999997138977,0.0,0.0
7007744171,2016-04-16,1155.0,203.0,0.0,0.0,0.0,3.09999990463257,0.0,0.0
7007744171,2016-04-17,1135.0,305.0,0.0,0.0,0.0,5.3899998664856,0.0,0.0
7007744171,2016-04-18,1077.0,284.0,31.0,48.0,0.0199999995529652,5.05000019073486,2.11999988555908,3.78999996185303
7007744171,2016-04-19,1066.0,304.0,17.0,53.0,0.0,5.30999994277954,0.759999990463257,4.40999984741211
7007744171,2016-04-20,1000.0,347.0,33.0,60.0,0.0,5.8600001335144,0.670000016689301,4.78999996185303
7007744171,2016-04-21,1049.0,327.0,34.0,30.0,0.0,5.17000007629395,1.87000000476837,2.15000009536743
7007744171,2016-04-22,1065.0,261.0,50.0,64.0,0.0,4.36999988555908,1.75999999046326,4.09999990463257
7007744171,2016-04-23,1190.0,223.0,25.0,2.0,0.0,4.15000009536743,1.12999999523163,0.129999995231628
7007744171,2016-04-24,1021.0,419.0,0.0,0.0,0.0,7.42000007629395,0.0,0.0
7007744171,2016-04-25,986.0,379.0,24.0,51.0,0.0,7.67000007629395,1.37000000476837,4.30999994277954
7007744171,2016-04-26,978.0,424.0,22.0,16.0,0.0,8.22999954223633,0.939999997615814,0.930000007152557
7007744171,2016-04-27,1041.0,337.0,12.0,50.0,0.0,5.28999996185303,0.660000026226044,4.26999998092651
7007744171,2016-04-28,1007.0,401.0,16.0,16.0,0.0,8.26000022888184,0.769999980926514,1.0900000333786
7007744171,2016-04-29,961.0,382.0,42.0,55.0,0.0,7.94999980926514,2.04999995231628,4.30999994277954
7007744171,2016-04-30,1240.0,200.0,0.0,0.0,0.0,2.51999998092651,0.0,0.0
7007744171,2016-05-01,1142.0,237.0,0.0,0.0,0.0,3.75,0.0,0.0
7007744171,2016-05-02,1112.0,250.0,14.0,64.0,0.0,3.82999992370605,0.699999988079071,4.6399998664856
7007744171,2016-05-03,1021.0,330.0,31.0,58.0,0.0,5.3600001335144,1.01999998092651,4.48000001907349
7007744171,2016-05-04,1440.0,0.0,0.0,0.0,0.0,0.0,0.0,0.0
7007744171,2016-05-05,1047.0,317.0,23.0,53.0,0.0,5.48000001907349,1.28999996185303,4.32999992370605
7007744171,2016-05-06,1136.0,247.0,13.0,44.0,0.0,3.85999989509583,0.810000002384186,3.0
7007744171,2016-05-07,111.0,0.0,0.0,0.0,0.0,0.0,0.0,0.0
7086361926,2016-04-12,745.0,153.0,6.0,59.0,0.0,2.97000002861023,0.150000005960464,5.26999998092651
7086361926,2016-04-13,744.0,155.0,26.0,31.0,0.0,2.83999991416931,0.209999993443489,0.560000002384186
7086361926,2016-04-14,787.0,189.0,32.0,35.0,0.0,3.66000008583069,0.330000013113022,2.02999997138977
7086361926,2016-04-15,864.0,139.0,21.0,30.0,0.0,2.52999997138977,1.11000001430511,2.03999996185303
7086361926,2016-04-16,1437.0,3.0,0.0,0.0,0.0,0.0099999997764825,0.0,0.0
7086361926,2016-04-17,1440.0,0.0,0.0,0.0,0.0,0.0,0.0,0.0
7086361926,2016-04-18,1136.0,114.0,51.0,61.0,0.0,2.30999994277954,1.22000002861023,3.17000007629395
7086361926,2016-04-19,671.0,124.0,69.0,67.0,0.0,2.50999999046326,1.23000001907349,3.52999997138977
7086361926,2016-04-20,797.0,145.0,13.0,87.0,0.0,2.53999996185303,0.449999988079071,7.6399998664856
7086361926,2016-04-21,758.0,206.0,6.0,19.0,0.0,4.51000022888184,0.300000011920929,1.36000001430511
7086361926,2016-04-22,762.0,153.0,59.0,58.0,0.0,2.67000007629395,0.970000028610229,2.86999988555908
7086361926,2016-04-23,1350.0,90.0,0.0,0.0,0.0,1.79999995231628,0.0,0.0
7086361926,2016-04-24,566.0,125.0,0.0,0.0,0.0,2.15000009536743,0.0,0.0
7086361926,2016-04-25,706.0,129.0,39.0,69.0,0.0,2.36999988555908,0.699999988079071,3.75
7086361926,2016-04-26,726.0,132.0,33.0,70.0,0.0,2.11999988555908,0.769999980926514,4.15999984741211
7086361926,2016-04-27,829.0,145.0,6.0,55.0,0.0,2.52999997138977,0.180000007152557,5.63000011444092
7086361926,2016-04-28,810.0,161.0,48.0,54.0,0.0,3.35999989509583,1.63999998569489,2.78999996185303
7086361926,2016-04-29,1198.0,182.0,36.0,24.0,0.0,4.0,0.449999988079071,0.490000009536743
7086361926,2016-04-30,584.0,308.0,17.0,42.0,0.0,5.23999977111816,1.03999996185303,3.11999988555908
7086361926,2016-05-01,685.0,258.0,15.0,30.0,0.0,4.84999990463257,0.899999976158142,2.29999995231628
7086361926,2016-05-02,737.0,139.0,26.0,66.0,0.0,2.66000008583069,0.660000026226044,3.48000001907349
7086361926,2016-05-03,761.0,152.0,36.0,57.0,0.0,3.16000008583069,0.850000023841858,2.74000000953674
7086361926,2016-05-04,843.0,135.0,12.0,45.0,0.0,2.90000009536743,0.119999997317791,5.28000020980835
7086361926,2016-05-05,1253.0,149.0,14.0,24.0,0.0,2.95000004768372,0.829999983310699,1.77999997138977
7086361926,2016-05-06,834.0,154.0,35.0,84.0,0.0,3.11999988555908,1.42999994754791,3.8199999332428
7086361926,2016-05-07,621.0,209.0,42.0,20.0,0.0,4.67999982833862,2.32999992370605,1.46000003814697
7086361926,2016-05-08,695.0,147.0,27.0,32.0,0.0,3.25,1.52999997138977,2.30999994277954
7086361926,2016-05-09,743.0,171.0,50.0,67.0,0.0,3.11999988555908,1.71000003814697,4.26000022888184
7086361926,2016-05-10,1182.0,106.0,23.0,72.0,0.0,2.45000004768372,1.20000004768372,7.1100001335144
7086361926,2016-05-11,757.0,128.0,40.0,57.0,0.0,2.23000001907349,1.38999998569489,2.89000010490417
7086361926,2016-05-12,343.0,58.0,4.0,5.0,0.0,1.88999998569489,0.270000010728836,0.379999995231628
8053475328,2016-04-12,1193.0,123.0,8.0,116.0,0.0,2.09999990463257,0.389999985694885,11.6400003433228
8053475328,2016-04-13,1177.0,156.0,12.0,95.0,0.0,2.45000004768372,0.469999998807907,10.4300003051758
8053475328,2016-04-14,1123.0,193.0,5.0,119.0,0.0,3.35999989509583,0.209999993443489,12.3400001525879
8053475328,2016-04-15,1142.0,158.0,8.0,132.0,0.0,2.58999991416931,0.389999985694885,13.2600002288818
8053475328,2016-04-16,1255.0,83.0,6.0,96.0,0.0,1.49000000953674,0.270000010728836,9.35999965667725
8053475328,2016-04-17,1113.0,195.0,21.0,111.0,0.0,3.64000010490417,0.800000011920929,9.23999977111816
8053475328,2016-04-18,1137.0,195.0,6.0,102.0,0.0,3.34999990463257,0.230000004172325,9.07999992370605
8053475328,2016-04-19,1152.0,191.0,7.0,90.0,0.0,2.95000004768372,0.310000002384186,9.22000026702881
8053475328,2016-04-20,695.0,158.0,5.0,89.0,0.0,2.38000011444092,0.230000004172325,9.57999992370605
8053475328,2016-04-21,1164.0,170.0,6.0,100.0,0.0,2.57999992370605,0.25,9.67000007629395
8053475328,2016-04-22,1260.0,117.0,3.0,60.0,0.0,1.87999999523163,0.150000005960464,6.26000022888184
8053475328,2016-04-23,741.0,223.0,14.0,125.0,0.0,4.01999998092651,0.629999995231628,12.539999961853
8053475328,2016-04-24,1096.0,182.0,33.0,129.0,0.0,3.25999999046326,1.54999995231628,13.1300001144409
8053475328,2016-04-25,1104.0,209.0,9.0,118.0,0.0,3.85999989509583,0.46000000834465,11.3699998855591
8053475328,2016-04-26,1182.0,185.0,5.0,68.0,0.0,3.09999990463257,0.200000002980232,6.30999994277954
8053475328,2016-04-27,1187.0,183.0,10.0,60.0,0.0,2.9300000667572,0.430000007152557,6.46000003814697
8053475328,2016-04-28,1188.0,153.0,9.0,90.0,0.0,2.34999990463257,0.389999985694885,9.67000007629395
8053475328,2016-04-29,1215.0,159.0,8.0,58.0,0.0,3.17000007629395,0.310000002384186,6.17000007629395
8053475328,2016-04-30,1281.0,131.0,1.0,27.0,0.0,2.53999996185303,0.0599999986588955,2.99000000953674
8053475328,2016-05-01,1389.0,51.0,0.0,0.0,0.0,0.850000023841858,0.0,0.0
8053475328,2016-05-02,1345.0,95.0,0.0,0.0,0.0,1.42999994754791,0.0,0.0
8053475328,2016-05-03,1166.0,165.0,22.0,87.0,0.0,2.58999991416931,0.930000007152557,8.39000034332275
8053475328,2016-05-04,1220.0,123.0,8.0,89.0,0.0,1.9099999666214,0.400000005960464,8.81999969482422
8053475328,2016-05-05,1208.0,130.0,9.0,93.0,0.0,2.21000003814697,0.449999988079071,8.85000038146973
8053475328,2016-05-06,1245.0,90.0,15.0,90.0,0.0,1.21000003814697,0.689999997615814,9.10000038146973
8053475328,2016-05-07,1076.0,148.0,20.0,121.0,0.0,2.34999990463257,0.879999995231628,12.4399995803833
8053475328,2016-05-08,1073.0,228.0,14.0,125.0,0.0,3.66000008583069,0.589999973773956,13.3999996185303
8053475328,2016-05-09,1214.0,148.0,12.0,66.0,0.0,2.69000005722046,0.569999992847443,6.11999988555908
8053475328,2016-05-10,1219.0,115.0,10.0,96.0,0.0,1.85000002384186,0.419999986886978,9.09000015258789
8053475328,2016-05-11,1189.0,184.0,7.0,60.0,0.0,3.03999996185303,0.280000001192093,6.07999992370605
8053475328,2016-05-12,839.0,39.0,4.0,28.0,0.0,0.759999990463257,0.200000002980232,2.95000004768372
8253242879,2016-04-12,1244.0,154.0,2.0,40.0,0.0,1.5900000333786,0.140000000596046,5.42999982833862
8253242879,2016-04-13,1298.0,96.0,11.0,35.0,0.0,1.30999994277954,0.629999995231628,4.17000007629395
8253242879,2016-04-14,1362.0,33.0,16.0,29.0,0.0,0.540000021457672,0.990000009536743,1.92999994754791
8253242879,2016-04-15,1335.0,105.0,0.0,0.0,0.0,1.75999999046326,0.0,0.0
8253242879,2016-04-16,1268.0,115.0,51.0,6.0,0.0,2.45000004768372,3.26999998092651,0.430000007152557
8253242879,2016-04-17,1237.0,157.0,5.0,41.0,0.0,2.32999992370605,0.150000005960464,5.42999982833862
8253242879,2016-04-18,1278.0,130.0,16.0,16.0,0.0,1.79999995231628,0.629999995231628,1.03999996185303
8253242879,2016-04-19,1276.0,164.0,0.0,0.0,0.0,2.77999997138977,0.0,0.0
8253242879,2016-04-20,1201.0,216.0,18.0,5.0,0.0099999997764825,3.10999989509583,0.819999992847443,0.330000013113022
8253242879,2016-04-21,1199.0,172.0,20.0,49.0,0.0,1.75,0.930000007152557,5.88000011444092
8253242879,2016-04-22,1320.0,120.0,0.0,0.0,0.0,1.87000000476837,0.0,0.0
8253242879,2016-04-23,1193.0,191.0,26.0,30.0,0.0,3.13000011444092,1.03999996185303,2.08999991416931
8253242879,2016-04-24,1313.0,82.0,4.0,41.0,0.0,1.3400000333786,0.189999997615814,5.59999990463257
8253242879,2016-04-25,1261.0,118.0,54.0,7.0,0.0,1.76999998092651,2.39000010490417,0.360000014305115
8253242879,2016-04-26,1299.0,108.0,14.0,19.0,0.0,1.37000000476837,0.490000009536743,1.17999994754791
8253242879,2016-04-27,1286.0,104.0,5.0,45.0,0.0,1.70000004768372,0.230000004172325,6.23999977111816
8253242879,2016-04-28,1393.0,20.0,16.0,11.0,0.0,0.340000003576279,0.779999971389771,0.670000016689301
8253242879,2016-04-29,1257.0,136.0,14.0,16.0,0.0,2.40000009536743,0.540000021457672,1.28999996185303
8253242879,2016-04-30,1440.0,0.0,0.0,0.0,0.0,0.0,0.0,0.0
8378563200,2016-04-12,723.0,156.0,15.0,65.0,0.0,4.5,0.709999978542328,0.829999983310699
8378563200,2016-04-13,680.0,169.0,14.0,116.0,0.0,4.21000003814697,0.649999976158142,4.96000003814697
8378563200,2016-04-14,699.0,174.0,21.0,123.0,0.0,3.91000008583069,1.02999997138977,5.61999988555908
8378563200,2016-04-15,729.0,190.0,23.0,60.0,0.0,5.40999984741211,1.14999997615814,4.90999984741211
8378563200,2016-04-16,563.0,142.0,21.0,64.0,0.0,2.44000005722046,1.07000005245209,5.36999988555908
8378563200,2016-04-17,599.0,93.0,0.0,0.0,0.0,1.69000005722046,0.0,0.0
8378563200,2016-04-18,720.0,174.0,10.0,117.0,0.0,5.19999980926514,0.560000002384186,5.05000019073486
8378563200,2016-04-19,737.0,154.0,19.0,120.0,0.0,4.17999982833862,0.879999995231628,5.30000019073486
8378563200,2016-04-20,763.0,169.0,8.0,82.0,0.0,4.78000020980835,0.439999997615814,2.23000001907349
8378563200,2016-04-21,677.0,145.0,16.0,137.0,0.0,4.28999996185303,0.819999992847443,6.90000009536743
8378563200,2016-04-22,769.0,159.0,12.0,113.0,0.0,4.17999982833862,0.589999973773956,4.90999984741211
8378563200,2016-04-23,740.0,136.0,10.0,19.0,0.0,2.48000001907349,0.519999980926514,1.51999998092651
8378563200,2016-04-24,734.0,135.0,0.0,0.0,0.0,2.94000005722046,0.0,0.0
8378563200,2016-04-25,692.0,141.0,16.0,117.0,0.0,3.92000007629395,0.870000004768372,5.05000019073486
8378563200,2016-04-26,593.0,161.0,18.0,90.0,0.0,4.42000007629395,0.920000016689301,7.51000022888184
8378563200,2016-04-27,676.0,192.0,4.0,4.0,0.0,5.32999992370605,0.180000007152557,0.330000013113022
8378563200,2016-04-28,711.0,139.0,10.0,11.0,0.0,2.91000008583069,0.490000009536743,0.899999976158142
8378563200,2016-04-29,767.0,172.0,7.0,3.0,0.0,4.26999998092651,0.360000014305115,0.25
8378563200,2016-04-30,780.0,121.0,0.0,0.0,0.0,2.33999991416931,0.0,0.0
8378563200,2016-05-01,669.0,127.0,10.0,71.0,0.0,2.47000002861023,0.560000002384186,6.03000020980835
8378563200,2016-05-02,802.0,142.0,4.0,63.0,0.0,4.01000022888184,0.170000001788139,0.629999995231628
8378563200,2016-05-03,822.0,195.0,20.0,71.0,0.0,4.5,1.05999994277954,1.3400000333786
8378563200,2016-05-04,680.0,167.0,10.0,19.0,0.0,4.19999980926514,0.490000009536743,1.55999994277954
8378563200,2016-05-05,764.0,214.0,3.0,66.0,0.0,5.73999977111816,0.159999996423721,0.889999985694885
8378563200,2016-05-06,831.0,166.0,5.0,74.0,0.0,3.77999997138977,0.25,1.54999995231628
8378563200,2016-05-07,851.0,158.0,0.0,0.0,0.0,3.53999996185303,0.0,0.0
8378563200,2016-05-08,621.0,139.0,0.0,0.0,0.0,2.32999992370605,0.0,0.0
8378563200,2016-05-09,772.0,171.0,13.0,71.0,0.0,4.71999979019165,0.660000026226044,1.26999998092651
8378563200,2016-05-10,840.0,152.0,13.0,63.0,0.0,3.92000007629395,0.639999985694885,0.660000026226044
8378563200,2016-05-11,763.0,184.0,10.0,72.0,0.0,5.26999998092651,0.589999973773956,1.38999998569489
8378563200,2016-05-12,433.0,102.0,6.0,8.0,0.0,2.69000005722046,0.270000010728836,0.649999976158142
8583815059,2016-04-12,1237.0,196.0,7.0,0.0,0.0,3.57999992370605,0.330000013113022,0.0
8583815059,2016-04-13,1252.0,163.0,23.0,2.0,0.0,3.23000001907349,0.970000028610229,0.150000005960464
8583815059,2016-04-14,1306.0,134.0,0.0,0.0,0.0,2.4300000667572,0.0,0.0
8583815059,2016-04-15,1375.0,65.0,0.0,0.0,0.0,0.899999976158142,0.0,0.0
8583815059,2016-04-16,1440.0,0.0,0.0,0.0,0.0,0.0,0.0,0.0
8583815059,2016-04-17,1440.0,0.0,0.0,0.0,0.0,0.0,0.0,0.0
8583815059,2016-04-18,1309.0,105.0,22.0,4.0,0.0,1.35000002384186,1.05999994277954,0.310000002384186
8583815059,2016-04-19,1257.0,166.0,10.0,7.0,0.0,3.44000005722046,0.479999989271164,0.529999971389771
8583815059,2016-04-20,1246.0,167.0,27.0,0.0,0.0,3.0699999332428,1.03999996185303,0.0
8583815059,2016-04-21,1229.0,158.0,18.0,35.0,0.0,3.00999999046326,1.01999998092651,2.63000011444092
8583815059,2016-04-22,1170.0,212.0,54.0,4.0,0.0,4.07999992370605,2.41000008583069,0.28999999165535
8583815059,2016-04-23,1151.0,238.0,44.0,7.0,0.0,4.75,2.02999997138977,0.529999971389771
8583815059,2016-04-24,1188.0,206.0,44.0,2.0,0.0,4.26999998092651,2.04999995231628,0.150000005960464
8583815059,2016-04-25,1294.0,122.0,6.0,18.0,0.0,1.80999994277954,0.239999994635582,1.47000002861023
8583815059,2016-04-26,1134.0,214.0,91.0,1.0,0.0,3.89000010490417,4.21999979019165,0.0700000002980232
8583815059,2016-04-27,1229.0,129.0,5.0,77.0,0.0,2.86999988555908,0.270000010728836,6.59999990463257
8583815059,2016-04-28,1209.0,203.0,28.0,0.0,0.0,3.60999989509583,1.20000004768372,0.0
8583815059,2016-04-29,1069.0,258.0,67.0,46.0,0.0,4.92000007629395,3.0,3.90000009536743
8583815059,2016-04-30,1093.0,317.0,28.0,2.0,0.0,6.42999982833862,1.27999997138977,0.150000005960464
8583815059,2016-05-01,1311.0,117.0,2.0,10.0,0.0,2.03999996185303,0.119999997317791,0.779999971389771
8583815059,2016-05-02,1440.0,0.0,0.0,0.0,0.0,0.0,0.0,0.0
8583815059,2016-05-03,1440.0,0.0,0.0,0.0,0.0,0.0,0.0,0.0
8583815059,2016-05-04,1440.0,0.0,0.0,0.0,0.0,0.0,0.0,0.0
8583815059,2016-05-05,1370.0,70.0,0.0,0.0,0.0,1.17999994754791,0.0,0.0
8583815059,2016-05-06,1250.0,166.0,22.0,2.0,0.0,3.23000001907349,1.19000005722046,0.140000000596046
8583815059,2016-05-07,1190.0,250.0,0.0,0.0,0.0,4.76999998092651,0.0,0.0
8583815059,2016-05-08,1183.0,182.0,72.0,3.0,0.0,3.66000008583069,3.30999994277954,0.219999998807907
8583815059,2016-05-09,1260.0,110.0,4.0,66.0,0.0,1.73000001907349,0.170000001788139,5.76000022888184
8583815059,2016-05-10,1226.0,162.0,43.0,9.0,0.0,3.72000002861023,2.00999999046326,0.689999997615814
8583815059,2016-05-11,1106.0,177.0,71.0,5.0,0.0,3.17000007629395,3.24000000953674,0.370000004768372
8583815059,2016-05-12,1440.0,0.0,0.0,0.0,0.0,0.0,0.0,0.0
8792009665,2016-04-12,831.0,116.0,0.0,0.0,0.0,1.63999998569489,0.0,0.0
8792009665,2016-04-13,806.0,82.0,0.0,0.0,0.0,0.839999973773956,0.0,0.0
8792009665,2016-04-14,853.0,84.0,0.0,0.0,0.0,0.779999971389771,0.0,0.0
8792009665,2016-04-15,937.0,126.0,0.0,0.0,0.0,1.5900000333786,0.0,0.0
8792009665,2016-04-16,1428.0,12.0,0.0,0.0,0.0,0.159999996423721,0.0,0.0
8792009665,2016-04-17,1440.0,0.0,0.0,0.0,0.0,0.0,0.0,0.0
8792009665,2016-04-18,1440.0,0.0,0.0,0.0,0.0,0.0,0.0,0.0
8792009665,2016-04-19,1440.0,0.0,0.0,0.0,0.0,0.0,0.0,0.0
8792009665,2016-04-20,744.0,139.0,10.0,0.0,0.0,1.74000000953674,0.280000001192093,0.0
8792009665,2016-04-21,1431.0,9.0,0.0,0.0,0.0,0.0900000035762787,0.0,0.0
8792009665,2016-04-22,817.0,195.0,20.0,1.0,0.0,2.26999998092651,0.280000001192093,0.0500000007450581
8792009665,2016-04-23,795.0,232.0,45.0,8.0,0.0,2.75,0.439999997615814,0.159999996423721
8792009665,2016-04-24,1410.0,19.0,8.0,3.0,0.0,0.159999996423721,0.0500000007450581,0.0399999991059303
8792009665,2016-04-25,1440.0,0.0,0.0,0.0,0.0,0.0,0.0,0.0
8792009665,2016-04-26,1360.0,80.0,0.0,0.0,0.0,0.850000023841858,0.0,0.0
8792009665,2016-04-27,900.0,112.0,0.0,0.0,0.0,1.12999999523163,0.0,0.0
8792009665,2016-04-28,714.0,310.0,0.0,0.0,0.0,3.94000005722046,0.0,0.0
8792009665,2016-04-29,634.0,380.0,14.0,6.0,0.0,4.92999982833862,0.280000001192093,0.140000000596046
8792009665,2016-04-30,749.0,301.0,20.0,10.0,0.0,3.91000008583069,0.360000014305115,0.330000013113022
8792009665,2016-05-01,834.0,79.0,0.0,0.0,0.0,1.03999996185303,0.0,0.0
8792009665,2016-05-02,916.0,101.0,0.0,0.0,0.0,1.16999995708466,0.0,0.0
8792009665,2016-05-03,739.0,156.0,0.0,0.0,0.0,1.54999995231628,0.0,0.0
8792009665,2016-05-04,848.0,129.0,0.0,0.0,0.0,1.46000003814697,0.0,0.0
8792009665,2016-05-05,1440.0,0.0,0.0,0.0,0.0,0.0,0.0,0.0
8792009665,2016-05-06,1440.0,0.0,0.0,0.0,0.0,0.0,0.0,0.0
8792009665,2016-05-07,1440.0,0.0,0.0,0.0,0.0,0.0,0.0,0.0
8792009665,2016-05-08,1440.0,0.0,0.0,0.0,0.0,0.0,0.0,0.0
8792009665,2016-05-09,1440.0,0.0,0.0,0.0,0.0,0.0,0.0,0.0
8792009665,2016-05-10,48.0,0.0,0.0,0.0,0.0,0.0,0.0,0.0
8877689391,2016-04-12,1036.0,312.0,7.0,85.0,0.0,7.82000017166138,0.340000003576279,12.2200002670288
8877689391,2016-04-13,1098.0,216.0,18.0,108.0,0.0,5.6399998664856,0.379999995231628,3.54999995231628
8877689391,2016-04-14,1061.0,298.0,13.0,68.0,0.0199999995529652,7.75,0.589999973773956,10.5500001907349
8877689391,2016-04-15,1052.0,281.0,1.0,106.0,0.0099999997764825,7.01000022888184,0.0500000007450581,0.0500000007450581
8877689391,2016-04-16,888.0,429.0,29.0,94.0,0.0,10.710000038147,1.21000003814697,13.2399997711182
8877689391,2016-04-17,1060.0,307.0,15.0,58.0,0.0,8.78999996185303,0.0700000002980232,0.0
8877689391,2016-04-18,1215.0,191.0,5.0,29.0,0.0,5.94000005722046,0.270000010728836,2.44000005722046
8877689391,2016-04-19,1131.0,214.0,13.0,82.0,0.0,5.03000020980835,0.180000007152557,12.1499996185303
8877689391,2016-04-20,1123.0,225.0,19.0,73.0,0.0,6.34000015258789,0.689999997615814,11.0200004577637
8877689391,2016-04-21,1119.0,226.0,13.0,82.0,0.0,4.8899998664856,0.419999986886978,12.289999961853
8877689391,2016-04-22,1141.0,236.0,2.0,61.0,0.0500000007450581,5.96999979019165,0.0299999993294477,10.2299995422363
8877689391,2016-04-23,1032.0,300.0,6.0,102.0,0.0099999997764825,7.40000009536743,0.0,0.0
8877689391,2016-04-24,1148.0,227.0,1.0,64.0,0.0,4.69000005722046,0.0099999997764825,11.0100002288818
8877689391,2016-04-25,1101.0,218.0,8.0,113.0,0.0099999997764825,6.26999998092651,0.0700000002980232,2.36999988555908
8877689391,2016-04-26,1157.0,258.0,3.0,22.0,0.0,6.5,0.129999995231628,1.75999999046326
8877689391,2016-04-27,1104.0,235.0,8.0,93.0,0.0,7.09999990463257,0.439999997615814,13.0699996948242
8877689391,2016-04-28,1143.0,231.0,8.0,58.0,0.0,5.96999979019165,0.379999995231628,4.92999982833862
8877689391,2016-04-29,1207.0,210.0,5.0,18.0,0.0,5.78999996185303,0.170000001788139,1.37999999523163
8877689391,2016-04-30,1089.0,223.0,4.0,124.0,0.0,4.92999982833862,0.0799999982118607,21.6599998474121
8877689391,2016-05-01,1226.0,166.0,12.0,36.0,0.0,4.57000017166138,0.569999992847443,3.13000011444092
8877689391,2016-05-02,1335.0,105.0,0.0,0.0,0.0,3.55999994277954,0.0,0.0
8877689391,2016-05-03,1189.0,229.0,3.0,19.0,0.0099999997764825,6.67000007629395,0.100000001490116,1.38999998569489
8877689391,2016-05-04,1154.0,212.0,8.0,66.0,0.0,5.53000020980835,0.310000002384186,10.4200000762939
8877689391,2016-05-05,1170.0,188.0,15.0,67.0,0.0,4.36999988555908,0.819999992847443,5.46000003814697
8877689391,2016-05-06,1095.0,232.0,17.0,96.0,0.0,6.15999984741211,0.28999999165535,12.789999961853
8877689391,2016-05-07,1036.0,271.0,28.0,105.0,0.0,6.98999977111816,0.959999978542328,0.0799999982118607
8877689391,2016-05-08,1174.0,245.0,4.0,17.0,0.0,6.80000019073486,0.200000002980232,1.08000004291534
8877689391,2016-05-09,1131.0,217.0,19.0,73.0,0.0500000007450581,6.23999977111816,0.800000011920929,11.1000003814697
8877689391,2016-05-10,1187.0,224.0,11.0,18.0,0.0,6.28000020980835,0.46000000834465,1.35000002384186
8877689391,2016-05-11,1127.0,213.0,12.0,88.0,0.0,5.8899998664856,0.409999996423721,13.2200002670288
8877689391,2016-05-12,770.0,137.0,1.0,23.0,0.0,4.25,0.0399999991059303,1.82000005245209
