id,activityday,calories
1503960366,2016-04-12,1985.0
1503960366,2016-04-13,1797.0
1503960366,2016-04-14,1776.0
1503960366,2016-04-15,1745.0
1503960366,2016-04-16,1863.0
1503960366,2016-04-17,1728.0
1503960366,2016-04-18,1921.0
1503960366,2016-04-19,2035.0
1503960366,2016-04-20,1786.0
1503960366,2016-04-21,1775.0
1503960366,2016-04-22,1827.0
1503960366,2016-04-23,1949.0
1503960366,2016-04-24,1788.0
1503960366,2016-04-25,2013.0
1503960366,2016-04-26,1970.0
1503960366,2016-04-27,2159.0
1503960366,2016-04-28,1898.0
1503960366,2016-04-29,1837.0
1503960366,2016-04-30,1947.0
1503960366,2016-05-01,1820.0
1503960366,2016-05-02,2004.0
1503960366,2016-05-03,1990.0
1503960366,2016-05-04,1819.0
1503960366,2016-05-05,1959.0
1503960366,2016-05-06,1896.0
1503960366,2016-05-07,1821.0
1503960366,2016-05-08,1740.0
1503960366,2016-05-09,1819.0
1503960366,2016-05-10,1859.0
1503960366,2016-05-11,1783.0
1503960366,2016-05-12,0.0
1624580081,2016-04-12,1432.0
1624580081,2016-04-13,1411.0
1624580081,2016-04-14,1572.0
1624580081,2016-04-15,1344.0
1624580081,2016-04-16,1463.0
1624580081,2016-04-17,1554.0
1624580081,2016-04-18,1604.0
1624580081,2016-04-19,1435.0
1624580081,2016-04-20,1446.0
1624580081,2016-04-21,1467.0
1624580081,2016-04-22,1470.0
1624580081,2016-04-23,1562.0
1624580081,2016-04-24,1617.0
1624580081,2016-04-25,1492.0
1624580081,2016-04-26,1402.0
1624580081,2016-04-27,1670.0
1624580081,2016-04-28,1401.0
1624580081,2016-04-29,1404.0
1624580081,2016-04-30,1655.0
1624580081,2016-05-01,2690.0
1624580081,2016-05-02,1497.0
1624580081,2016-05-03,1334.0
1624580081,2016-05-04,1368.0
1624580081,2016-05-05,1370.0
1624580081,2016-05-06,1341.0
1624580081,2016-05-07,1474.0
1624580081,2016-05-08,1427.0
1624580081,2016-05-09,1328.0
1624580081,2016-05-10,1393.0
1624580081,2016-05-11,1359.0
1624580081,2016-05-12,1002.0
1644430081,2016-04-12,3199.0
1644430081,2016-04-13,2902.0
1644430081,2016-04-14,3226.0
1644430081,2016-04-15,2750.0
1644430081,2016-04-16,3493.0
1644430081,2016-04-17,3011.0
1644430081,2016-04-18,2806.0
1644430081,2016-04-19,3300.0
1644430081,2016-04-20,2430.0
1644430081,2016-04-21,2140.0
1644430081,2016-04-22,2344.0
1644430081,2016-04-23,2677.0
1644430081,2016-04-24,2413.0
1644430081,2016-04-25,2497.0
1644430081,2016-04-26,3123.0
1644430081,2016-04-27,2489.0
1644430081,2016-04-28,3108.0
1644430081,2016-04-29,2498.0
1644430081,2016-04-30,3846.0
1644430081,2016-05-01,2696.0
1644430081,2016-05-02,2580.0
1644430081,2016-05-03,3324.0
1644430081,2016-05-04,2222.0
1644430081,2016-05-05,2463.0
1644430081,2016-05-06,3328.0
1644430081,2016-05-07,3404.0
1644430081,2016-05-08,2987.0
1644430081,2016-05-09,3008.0
1644430081,2016-05-10,2799.0
1644430081,2016-05-11,1276.0
1844505072,2016-04-12,2030.0
1844505072,2016-04-13,1860.0
1844505072,2016-04-14,2130.0
1844505072,2016-04-15,1725.0
1844505072,2016-04-16,1657.0
1844505072,2016-04-17,1793.0
1844505072,2016-04-18,1814.0
1844505072,2016-04-19,1366.0
1844505072,2016-04-20,1349.0
1844505072,2016-04-21,2062.0
1844505072,2016-04-22,1827.0
1844505072,2016-04-23,1645.0
1844505072,2016-04-24,1347.0
1844505072,2016-04-25,1347.0
1844505072,2016-04-26,1347.0
1844505072,2016-04-27,1348.0
1844505072,2016-04-28,1992.0
1844505072,2016-04-29,1856.0
1844505072,2016-04-30,1763.0
1844505072,2016-05-01,1541.0
1844505072,2016-05-02,1348.0
1844505072,2016-05-03,1742.0
1844505072,2016-05-04,1549.0
1844505072,2016-05-05,1589.0
1844505072,2016-05-06,1351.0
1844505072,2016-05-07,1347.0
1844505072,2016-05-08,1347.0
1844505072,2016-05-09,1347.0
1844505072,2016-05-10,1347.0
1844505072,2016-05-11,1347.0
1844505072,2016-05-12,665.0
1927972279,2016-04-12,2220.0
1927972279,2016-04-13,2151.0
1927972279,2016-04-14,2383.0
1927972279,2016-04-15,2221.0
1927972279,2016-04-16,2064.0
1927972279,2016-04-17,2063.0
1927972279,2016-04-18,2111.0
1927972279,2016-04-19,2063.0
1927972279,2016-04-20,2063.0
1927972279,2016-04-21,2064.0
1927972279,2016-04-22,2093.0
1927972279,2016-04-23,2499.0
1927972279,2016-04-24,2324.0
1927972279,2016-04-25,2100.0
1927972279,2016-04-26,2638.0
1927972279,2016-04-27,2063.0
1927972279,2016-04-28,2351.0
1927972279,2016-04-29,2063.0
1927972279,2016-04-30,2064.0
1927972279,2016-05-01,2411.0
1927972279,2016-05-02,2505.0
1927972279,2016-05-03,2195.0
1927972279,2016-05-04,2338.0
1927972279,2016-05-05,2063.0
1927972279,2016-05-06,2383.0
1927972279,2016-05-07,2229.0
1927972279,2016-05-08,2063.0
1927972279,2016-05-09,2063.0
1927972279,2016-05-10,2063.0
1927972279,2016-05-11,2063.0
1927972279,2016-05-12,1383.0
2022484408,2016-04-12,2390.0
2022484408,2016-04-13,2601.0
2022484408,2016-04-14,2312.0
2022484408,2016-04-15,2525.0
2022484408,2016-04-16,2177.0
2022484408,2016-04-17,2782.0
2022484408,2016-04-18,2770.0
2022484408,2016-04-19,2489.0
2022484408,2016-04-20,2897.0
2022484408,2016-04-21,3158.0
2022484408,2016-04-22,2638.0
2022484408,2016-04-23,2069.0
2022484408,2016-04-24,2529.0
2022484408,2016-04-25,2470.0
2022484408,2016-04-26,2793.0
2022484408,2016-04-27,2463.0
2022484408,2016-04-28,2296.0
2022484408,2016-04-29,2611.0
2022484408,2016-04-30,2732.0
2022484408,2016-05-01,2380.0
2022484408,2016-05-02,2473.0
2022484408,2016-05-03,2752.0
2022484408,2016-05-04,2649.0
2022484408,2016-05-05,2609.0
2022484408,2016-05-06,2498.0
2022484408,2016-05-07,1995.0
2022484408,2016-05-08,1848.0
2022484408,2016-05-09,2709.0
2022484408,2016-05-10,2797.0
2022484408,2016-05-11,2544.0
2022484408,2016-05-12,1853.0
2026352035,2016-04-12,1459.0
2026352035,2016-04-13,1521.0
2026352035,2016-04-14,1431.0
2026352035,2016-04-15,1444.0
2026352035,2016-04-16,1373.0
2026352035,2016-04-17,1214.0
2026352035,2016-04-18,1419.0
2026352035,2016-04-19,1356.0
2026352035,2016-04-20,1667.0
2026352035,2016-04-21,1370.0
2026352035,2016-04-22,1399.0
2026352035,2016-04-23,1916.0
2026352035,2016-04-24,1401.0
2026352035,2016-04-25,1576.0
2026352035,2016-04-26,1595.0
2026352035,2016-04-27,1593.0
2026352035,2016-04-28,1649.0
2026352035,2016-04-29,1692.0
2026352035,2016-04-30,1506.0
2026352035,2016-05-01,1447.0
2026352035,2016-05-02,1690.0
2026352035,2016-05-03,1604.0
2026352035,2016-05-04,1658.0
2026352035,2016-05-05,1926.0
2026352035,2016-05-06,1736.0
2026352035,2016-05-07,1491.0
2026352035,2016-05-08,1555.0
2026352035,2016-05-09,1869.0
2026352035,2016-05-10,1141.0
2026352035,2016-05-11,1698.0
2026352035,2016-05-12,1364.0
2320127002,2016-04-12,2124.0
2320127002,2016-04-13,2003.0
2320127002,2016-04-14,1696.0
2320127002,2016-04-15,1801.0
2320127002,2016-04-16,1724.0
2320127002,2016-04-17,1852.0
2320127002,2016-04-18,1905.0
2320127002,2016-04-19,1811.0
2320127002,2016-04-20,1922.0
2320127002,2016-04-21,1610.0
2320127002,2016-04-22,1851.0
2320127002,2016-04-23,1804.0
2320127002,2016-04-24,1725.0
2320127002,2016-04-25,1654.0
2320127002,2016-04-26,1632.0
2320127002,2016-04-27,1481.0
2320127002,2016-04-28,1473.0
2320127002,2016-04-29,1410.0
2320127002,2016-04-30,1779.0
2320127002,2016-05-01,1403.0
2320127002,2016-05-02,1613.0
2320127002,2016-05-03,1878.0
2320127002,2016-05-04,1426.0
2320127002,2016-05-05,1780.0
2320127002,2016-05-06,1742.0
2320127002,2016-05-07,1972.0
2320127002,2016-05-08,1821.0
2320127002,2016-05-09,1630.0
2320127002,2016-05-10,1899.0
2320127002,2016-05-11,1903.0
2320127002,2016-05-12,1125.0
2347167796,2016-04-12,2344.0
2347167796,2016-04-13,2038.0
2347167796,2016-04-14,2010.0
2347167796,2016-04-15,2133.0
2347167796,2016-04-16,2670.0
2347167796,2016-04-17,1882.0
2347167796,2016-04-18,1944.0
2347167796,2016-04-19,2346.0
2347167796,2016-04-20,2198.0
2347167796,2016-04-21,2048.0
2347167796,2016-04-22,1946.0
2347167796,2016-04-23,2629.0
2347167796,2016-04-24,2187.0
2347167796,2016-04-25,2095.0
2347167796,2016-04-26,1861.0
2347167796,2016-04-27,2194.0
2347167796,2016-04-28,1854.0
2347167796,2016-04-29,403.0
2873212765,2016-04-12,1982.0
2873212765,2016-04-13,2004.0
2873212765,2016-04-14,1893.0
2873212765,2016-04-15,2063.0
2873212765,2016-04-16,2148.0
2873212765,2016-04-17,1529.0
2873212765,2016-04-18,1890.0
2873212765,2016-04-19,1956.0
2873212765,2016-04-20,2094.0
2873212765,2016-04-21,1970.0
2873212765,2016-04-22,2241.0
2873212765,2016-04-23,2021.0
2873212765,2016-04-24,1898.0
2873212765,2016-04-25,1907.0
2873212765,2016-04-26,1882.0
2873212765,2016-04-27,1966.0
2873212765,2016-04-28,1835.0
2873212765,2016-04-29,1780.0
2873212765,2016-04-30,1830.0
2873212765,2016-05-01,1739.0
2873212765,2016-05-02,1878.0
2873212765,2016-05-03,1906.0
2873212765,2016-05-04,2015.0
2873212765,2016-05-05,1971.0
2873212765,2016-05-06,1910.0
2873212765,2016-05-07,1897.0
2873212765,2016-05-08,2096.0
2873212765,2016-05-09,1906.0
2873212765,2016-05-10,1962.0
2873212765,2016-05-11,1826.0
2873212765,2016-05-12,1431.0
3372868164,2016-04-12,1788.0
3372868164,2016-04-13,2093.0
3372868164,2016-04-14,2065.0
3372868164,2016-04-15,1908.0
3372868164,2016-04-16,1908.0
3372868164,2016-04-17,1964.0
3372868164,2016-04-18,2014.0
3372868164,2016-04-19,1985.0
3372868164,2016-04-20,1867.0
3372868164,2016-04-21,2124.0
3372868164,2016-04-22,1669.0
3372868164,2016-04-23,1995.0
3372868164,2016-04-24,1921.0
3372868164,2016-04-25,2010.0
3372868164,2016-04-26,2057.0
3372868164,2016-04-27,2095.0
3372868164,2016-04-28,1972.0
3372868164,2016-04-29,2044.0
3372868164,2016-04-30,1946.0
3372868164,2016-05-01,1237.0
3977333714,2016-04-12,1450.0
3977333714,2016-04-13,1495.0
3977333714,2016-04-14,1433.0
3977333714,2016-04-15,1468.0
3977333714,2016-04-16,1625.0
3977333714,2016-04-17,1529.0
3977333714,2016-04-18,1584.0
3977333714,2016-04-19,1638.0
3977333714,2016-04-20,1554.0
3977333714,2016-04-21,1397.0
3977333714,2016-04-22,1481.0
3977333714,2016-04-23,1638.0
3977333714,2016-04-24,1655.0
3977333714,2016-04-25,1570.0
3977333714,2016-04-26,1551.0
3977333714,2016-04-27,1377.0
3977333714,2016-04-28,1407.0
3977333714,2016-04-29,1545.0
3977333714,2016-04-30,1650.0
3977333714,2016-05-01,1501.0
3977333714,2016-05-02,1760.0
3977333714,2016-05-03,1710.0
3977333714,2016-05-04,1628.0
3977333714,2016-05-05,1618.0
3977333714,2016-05-06,1590.0
3977333714,2016-05-07,1574.0
3977333714,2016-05-08,1633.0
3977333714,2016-05-09,1667.0
3977333714,2016-05-10,1630.0
3977333714,2016-05-11,52.0
4020332650,2016-04-12,3654.0
4020332650,2016-04-13,1981.0
4020332650,2016-04-14,2011.0
4020332650,2016-04-15,2951.0
4020332650,2016-04-16,3051.0
4020332650,2016-04-17,1990.0
4020332650,2016-04-18,1995.0
4020332650,2016-04-19,1980.0
4020332650,2016-04-20,1980.0
4020332650,2016-04-21,1980.0
4020332650,2016-04-22,1980.0
4020332650,2016-04-23,1980.0
4020332650,2016-04-24,1980.0
4020332650,2016-04-25,1980.0
4020332650,2016-04-26,1980.0
4020332650,2016-04-27,1980.0
4020332650,2016-04-28,1980.0
4020332650,2016-04-29,1980.0
4020332650,2016-04-30,1980.0
4020332650,2016-05-01,1980.0
4020332650,2016-05-02,2207.0
4020332650,2016-05-03,2828.0
4020332650,2016-05-04,3879.0
4020332650,2016-05-05,3429.0
4020332650,2016-05-06,2704.0
4020332650,2016-05-07,2975.0
4020332650,2016-05-08,3089.0
4020332650,2016-05-09,2785.0
4020332650,2016-05-10,2926.0
4020332650,2016-05-11,2645.0
4020332650,2016-05-12,1120.0
4057192912,2016-04-12,2286.0
4057192912,2016-04-13,2306.0
4057192912,2016-04-14,1776.0
4057192912,2016-04-15,1527.0
4319703577,2016-04-12,2115.0
4319703577,2016-04-13,2135.0
4319703577,2016-04-14,2302.0
4319703577,2016-04-15,1985.0
4319703577,2016-04-16,1884.0
4319703577,2016-04-17,1464.0
4319703577,2016-04-18,1632.0
4319703577,2016-04-19,2200.0
4319703577,2016-04-20,2220.0
4319703577,2016-04-21,1792.0
4319703577,2016-04-22,1886.0
4319703577,2016-04-23,1945.0
4319703577,2016-04-24,1880.0
4319703577,2016-04-25,2314.0
4319703577,2016-04-26,2236.0
4319703577,2016-04-27,2324.0
4319703577,2016-04-28,2367.0
4319703577,2016-04-29,2175.0
4319703577,2016-04-30,2092.0
4319703577,2016-05-01,1593.0
4319703577,2016-05-02,2270.0
4319703577,2016-05-03,2235.0
4319703577,2016-05-04,2282.0
4319703577,2016-05-05,2530.0
4319703577,2016-05-06,2266.0
4319703577,2016-05-07,2158.0
4319703577,2016-05-08,1792.0
4319703577,2016-05-09,2345.0
4319703577,2016-05-10,2260.0
4319703577,2016-05-11,2232.0
4319703577,2016-05-12,257.0
4388161847,2016-04-12,2955.0
4388161847,2016-04-13,3092.0
4388161847,2016-04-14,2998.0
4388161847,2016-04-15,3066.0
4388161847,2016-04-16,3073.0
4388161847,2016-04-17,2572.0
4388161847,2016-04-18,3274.0
4388161847,2016-04-19,3015.0
4388161847,2016-04-20,3083.0
4388161847,2016-04-21,3069.0
4388161847,2016-04-22,3544.0
4388161847,2016-04-23,3306.0
4388161847,2016-04-24,2885.0
4388161847,2016-04-25,3288.0
4388161847,2016-04-26,2929.0
4388161847,2016-04-27,3074.0
4388161847,2016-04-28,2969.0
4388161847,2016-04-29,2979.0
4388161847,2016-04-30,3283.0
4388161847,2016-05-01,2926.0
4388161847,2016-05-02,3147.0
4388161847,2016-05-03,3290.0
4388161847,2016-05-04,3162.0
4388161847,2016-05-05,2899.0
4388161847,2016-05-06,3425.0
4388161847,2016-05-07,4022.0
4388161847,2016-05-08,3934.0
4388161847,2016-05-09,3013.0
4388161847,2016-05-10,3061.0
4388161847,2016-05-11,2954.0
4388161847,2016-05-12,1623.0
4445114986,2016-04-12,2113.0
4445114986,2016-04-13,2095.0
4445114986,2016-04-14,2194.0
4445114986,2016-04-15,2496.0
4445114986,2016-04-16,2180.0
4445114986,2016-04-17,1933.0
4445114986,2016-04-18,2248.0
4445114986,2016-04-19,1954.0
4445114986,2016-04-20,1974.0
4445114986,2016-04-21,2150.0
4445114986,2016-04-22,2432.0
4445114986,2016-04-23,2149.0
4445114986,2016-04-24,2247.0
4445114986,2016-04-25,2070.0
4445114986,2016-04-26,2291.0
4445114986,2016-04-27,2361.0
4445114986,2016-04-28,2203.0
4445114986,2016-04-29,2196.0
4445114986,2016-04-30,2363.0
4445114986,2016-05-01,2246.0
4445114986,2016-05-02,2336.0
4445114986,2016-05-03,2421.0
4445114986,2016-05-04,2070.0
4445114986,2016-05-05,2120.0
4445114986,2016-05-06,2211.0
4445114986,2016-05-07,2123.0
4445114986,2016-05-08,2423.0
4445114986,2016-05-09,2281.0
4445114986,2016-05-10,2181.0
4445114986,2016-05-11,2499.0
4445114986,2016-05-12,1212.0
4558609924,2016-04-12,1909.0
4558609924,2016-04-13,1722.0
4558609924,2016-04-14,1922.0
4558609924,2016-04-15,2121.0
4558609924,2016-04-16,1997.0
4558609924,2016-04-17,2117.0
4558609924,2016-04-18,2116.0
4558609924,2016-04-19,1876.0
4558609924,2016-04-20,1788.0
4558609924,2016-04-21,2486.0
4558609924,2016-04-22,2094.0
4558609924,2016-04-23,2085.0
4558609924,2016-04-24,2173.0
4558609924,2016-04-25,2225.0
4558609924,2016-04-26,2223.0
4558609924,2016-04-27,2098.0
4558609924,2016-04-28,2185.0
4558609924,2016-04-29,1918.0
4558609924,2016-04-30,2105.0
4558609924,2016-05-01,1692.0
4558609924,2016-05-02,2066.0
4558609924,2016-05-03,1953.0
4558609924,2016-05-04,1842.0
4558609924,2016-05-05,2262.0
4558609924,2016-05-06,1722.0
4558609924,2016-05-07,1973.0
4558609924,2016-05-08,2666.0
4558609924,2016-05-09,2223.0
4558609924,2016-05-10,1889.0
4558609924,2016-05-11,2131.0
4558609924,2016-05-12,1452.0
4702921684,2016-04-12,2947.0
4702921684,2016-04-13,2898.0
4702921684,2016-04-14,2984.0
4702921684,2016-04-15,2896.0
4702921684,2016-04-16,3328.0
4702921684,2016-04-17,3394.0
4702921684,2016-04-18,3013.0
4702921684,2016-04-19,2812.0
4702921684,2016-04-20,3061.0
4702921684,2016-04-21,2729.0
4702921684,2016-04-22,2241.0
4702921684,2016-04-23,3691.0
4702921684,2016-04-24,3538.0
4702921684,2016-04-25,3064.0
4702921684,2016-04-26,2784.0
4702921684,2016-04-27,2908.0
4702921684,2016-04-28,3033.0
4702921684,2016-04-29,3165.0
4702921684,2016-04-30,3115.0
4702921684,2016-05-01,2017.0
4702921684,2016-05-02,2859.0
4702921684,2016-05-03,3145.0
4702921684,2016-05-04,3004.0
4702921684,2016-05-05,3006.0
4702921684,2016-05-06,2859.0
4702921684,2016-05-07,3683.0
4702921684,2016-05-08,3287.0
4702921684,2016-05-09,2990.0
4702921684,2016-05-10,3172.0
4702921684,2016-05-11,3069.0
4702921684,2016-05-12,1240.0
5553957443,2016-04-12,2026.0
5553957443,2016-04-13,1718.0
5553957443,2016-04-14,2324.0
5553957443,2016-04-15,2254.0
5553957443,2016-04-16,1831.0
5553957443,2016-04-17,1397.0
5553957443,2016-04-18,1683.0
5553957443,2016-04-19,2284.0
5553957443,2016-04-20,1570.0
5553957443,2016-04-21,2066.0
5553957443,2016-04-22,2105.0
5553957443,2016-04-23,1776.0
5553957443,2016-04-24,1507.0
5553957443,2016-04-25,2033.0
5553957443,2016-04-26,2093.0
5553957443,2016-04-27,1922.0
5553957443,2016-04-28,1999.0
5553957443,2016-04-29,2169.0
5553957443,2016-04-30,1463.0
5553957443,2016-05-01,1747.0
5553957443,2016-05-02,1996.0
5553957443,2016-05-03,2116.0
5553957443,2016-05-04,1698.0
5553957443,2016-05-05,2156.0
5553957443,2016-05-06,1916.0
5553957443,2016-05-07,1494.0
5553957443,2016-05-08,1762.0
5553957443,2016-05-09,2272.0
5553957443,2016-05-10,2335.0
5553957443,2016-05-11,1693.0
5553957443,2016-05-12,741.0
5577150313,2016-04-12,3405.0
5577150313,2016-04-13,2551.0
5577150313,2016-04-14,4022.0
5577150313,2016-04-15,4005.0
5577150313,2016-04-16,4274.0
5577150313,2016-04-17,4552.0
5577150313,2016-04-18,3625.0
5577150313,2016-04-19,3501.0
5577150313,2016-04-20,3192.0
5577150313,2016-04-21,4018.0
5577150313,2016-04-22,3329.0
5577150313,2016-04-23,3152.0
5577150313,2016-04-24,4392.0
5577150313,2016-04-25,3374.0
5577150313,2016-04-26,3088.0
5577150313,2016-04-27,3294.0
5577150313,2016-04-28,3580.0
5577150313,2016-04-29,3544.0
5577150313,2016-04-30,4501.0
5577150313,2016-05-01,4546.0
5577150313,2016-05-02,3014.0
5577150313,2016-05-03,3795.0
5577150313,2016-05-04,2755.0
5577150313,2016-05-05,3004.0
5577150313,2016-05-06,2643.0
5577150313,2016-05-07,1819.0
5577150313,2016-05-08,1819.0
5577150313,2016-05-09,2489.0
5577150313,2016-05-10,3841.0
5577150313,2016-05-11,1665.0
6117666160,2016-04-12,1496.0
6117666160,2016-04-13,1496.0
6117666160,2016-04-14,1496.0
6117666160,2016-04-15,2865.0
6117666160,2016-04-16,2828.0
6117666160,2016-04-17,2225.0
6117666160,2016-04-18,2018.0
6117666160,2016-04-19,2606.0
6117666160,2016-04-20,2536.0
6117666160,2016-04-21,4900.0
6117666160,2016-04-22,2409.0
6117666160,2016-04-23,2651.0
6117666160,2016-04-24,2305.0
6117666160,2016-04-25,1497.0
6117666160,2016-04-26,2450.0
6117666160,2016-04-27,2576.0
6117666160,2016-04-28,1879.0
6117666160,2016-04-29,2560.0
6117666160,2016-04-30,2275.0
6117666160,2016-05-01,2361.0
6117666160,2016-05-02,2044.0
6117666160,2016-05-03,1496.0
6117666160,2016-05-04,1902.0
6117666160,2016-05-05,2636.0
6117666160,2016-05-06,1838.0
6117666160,2016-05-07,2469.0
6117666160,2016-05-08,2250.0
6117666160,2016-05-09,1248.0
6290855005,2016-04-12,2560.0
6290855005,2016-04-13,2905.0
6290855005,2016-04-14,2952.0
6290855005,2016-04-15,2896.0
6290855005,2016-04-16,2783.0
6290855005,2016-04-17,3171.0
6290855005,2016-04-18,2766.0
6290855005,2016-04-19,2839.0
6290855005,2016-04-20,2701.0
6290855005,2016-04-21,2060.0
6290855005,2016-04-22,2796.0
6290855005,2016-04-23,2664.0
6290855005,2016-04-24,2703.0
6290855005,2016-04-25,2771.0
6290855005,2016-04-26,2060.0
6290855005,2016-04-27,2743.0
6290855005,2016-04-28,2687.0
6290855005,2016-04-29,2060.0
6290855005,2016-04-30,2843.0
6290855005,2016-05-01,3327.0
6290855005,2016-05-02,2725.0
6290855005,2016-05-03,2671.0
6290855005,2016-05-04,2718.0
6290855005,2016-05-05,2682.0
6290855005,2016-05-06,2806.0
6290855005,2016-05-07,2613.0
6290855005,2016-05-08,2712.0
6290855005,2016-05-09,2175.0
6290855005,2016-05-10,0.0
6775888955,2016-04-12,1841.0
6775888955,2016-04-13,2400.0
6775888955,2016-04-14,2507.0
6775888955,2016-04-15,2127.0
6775888955,2016-04-16,2225.0
6775888955,2016-04-17,2067.0
6775888955,2016-04-18,2798.0
6775888955,2016-04-19,1841.0
6775888955,2016-04-20,3727.0
6775888955,2016-04-21,1841.0
6775888955,2016-04-22,1922.0
6775888955,2016-04-23,1841.0
6775888955,2016-04-24,2053.0
6775888955,2016-04-25,2484.0
6775888955,2016-04-26,2584.0
6775888955,2016-04-27,1841.0
6775888955,2016-04-28,1993.0
6775888955,2016-04-29,1841.0
6775888955,2016-04-30,2280.0
6775888955,2016-05-01,2319.0
6775888955,2016-05-02,1841.0
6775888955,2016-05-03,1843.0
6775888955,2016-05-04,1841.0
6775888955,2016-05-05,1841.0
6775888955,2016-05-06,2496.0
6775888955,2016-05-07,1032.0
6962181067,2016-04-12,1994.0
6962181067,2016-04-13,1718.0
6962181067,2016-04-14,1466.0
6962181067,2016-04-15,1756.0
6962181067,2016-04-16,2173.0
6962181067,2016-04-17,2027.0
6962181067,2016-04-18,2039.0
6962181067,2016-04-19,2046.0
6962181067,2016-04-20,2174.0
6962181067,2016-04-21,2179.0
6962181067,2016-04-22,2086.0
6962181067,2016-04-23,2571.0
6962181067,2016-04-24,1705.0
6962181067,2016-04-25,2194.0
6962181067,2016-04-26,2012.0
6962181067,2016-04-27,2034.0
6962181067,2016-04-28,2182.0
6962181067,2016-04-29,2254.0
6962181067,2016-04-30,2002.0
6962181067,2016-05-01,1740.0
6962181067,2016-05-02,2162.0
6962181067,2016-05-03,2072.0
6962181067,2016-05-04,2086.0
6962181067,2016-05-05,2066.0
6962181067,2016-05-06,1850.0
6962181067,2016-05-07,1947.0
6962181067,2016-05-08,1659.0
6962181067,2016-05-09,2105.0
6962181067,2016-05-10,2361.0
6962181067,2016-05-11,1855.0
6962181067,2016-05-12,928.0
7007744171,2016-04-12,2937.0
7007744171,2016-04-13,2742.0
7007744171,2016-04-14,2668.0
7007744171,2016-04-15,2098.0
7007744171,2016-04-16,2076.0
7007744171,2016-04-17,2383.0
7007744171,2016-04-18,2832.0
7007744171,2016-04-19,2812.0
7007744171,2016-04-20,3096.0
7007744171,2016-04-21,2763.0
7007744171,2016-04-22,2889.0
7007744171,2016-04-23,2284.0
7007744171,2016-04-24,2667.0
7007744171,2016-04-25,3055.0
7007744171,2016-04-26,2939.0
7007744171,2016-04-27,2830.0
7007744171,2016-04-28,2836.0
7007744171,2016-04-29,3180.0
7007744171,2016-04-30,2051.0
7007744171,2016-05-01,2225.0
7007744171,2016-05-02,2642.0
7007744171,2016-05-03,2976.0
7007744171,2016-05-04,1557.0
7007744171,2016-05-05,2933.0
7007744171,2016-05-06,2553.0
7007744171,2016-05-07,120.0
7086361926,2016-04-12,2772.0
7086361926,2016-04-13,2516.0
7086361926,2016-04-14,2734.0
7086361926,2016-04-15,2395.0
7086361926,2016-04-16,1635.0
7086361926,2016-04-17,1629.0
7086361926,2016-04-18,2743.0
7086361926,2016-04-19,2944.0
7086361926,2016-04-20,2997.0
7086361926,2016-04-21,2463.0
7086361926,2016-04-22,2846.0
7086361926,2016-04-23,1965.0
7086361926,2016-04-24,2049.0
7086361926,2016-04-25,2752.0
7086361926,2016-04-26,2781.0
7086361926,2016-04-27,2693.0
7086361926,2016-04-28,2862.0
7086361926,2016-04-29,2616.0
7086361926,2016-04-30,2995.0
7086361926,2016-05-01,2730.0
7086361926,2016-05-02,2754.0
7086361926,2016-05-03,2754.0
7086361926,2016-05-04,2655.0
7086361926,2016-05-05,2386.0
7086361926,2016-05-06,2924.0
7086361926,2016-05-07,2739.0
7086361926,2016-05-08,2534.0
7086361926,2016-05-09,2960.0
7086361926,2016-05-10,2800.0
7086361926,2016-05-11,2735.0
7086361926,2016-05-12,1199.0
8053475328,2016-04-12,3186.0
8053475328,2016-04-13,3140.0
8053475328,2016-04-14,3411.0
8053475328,2016-04-15,3410.0
8053475328,2016-04-16,2867.0
8053475328,2016-04-17,3213.0
8053475328,2016-04-18,3133.0
8053475328,2016-04-19,3114.0
8053475328,2016-04-20,3043.0
8053475328,2016-04-21,3103.0
8053475328,2016-04-22,2655.0
8053475328,2016-04-23,3554.0
8053475328,2016-04-24,3577.0
8053475328,2016-04-25,3403.0
8053475328,2016-04-26,2846.0
8053475328,2016-04-27,2852.0
8053475328,2016-04-28,3062.0
8053475328,2016-04-29,2794.0
8053475328,2016-04-30,2408.0
8053475328,2016-05-01,1886.0
8053475328,2016-05-02,1988.0
8053475328,2016-05-03,3023.0
8053475328,2016-05-04,2918.0
8053475328,2016-05-05,2950.0
8053475328,2016-05-06,2859.0
8053475328,2016-05-07,3331.0
8053475328,2016-05-08,3589.0
8053475328,2016-05-09,2765.0
8053475328,2016-05-10,2926.0
8053475328,2016-05-11,2809.0
8053475328,2016-05-12,1505.0
8253242879,2016-04-12,2044.0
8253242879,2016-04-13,1935.0
8253242879,2016-04-14,1705.0
8253242879,2016-04-15,1632.0
8253242879,2016-04-16,1880.0
8253242879,2016-04-17,2112.0
8253242879,2016-04-18,1829.0
8253242879,2016-04-19,1763.0
8253242879,2016-04-20,1931.0
8253242879,2016-04-21,2218.0
8253242879,2016-04-22,1651.0
8253242879,2016-04-23,2132.0
8253242879,2016-04-24,1976.0
8253242879,2016-04-25,1909.0
8253242879,2016-04-26,1813.0
8253242879,2016-04-27,2008.0
8253242879,2016-04-28,1580.0
8253242879,2016-04-29,1854.0
8253242879,2016-04-30,0.0
8378563200,2016-04-12,3635.0
8378563200,2016-04-13,4079.0
8378563200,2016-04-14,4163.0
8378563200,2016-04-15,3666.0
8378563200,2016-04-16,3363.0
8378563200,2016-04-17,2572.0
8378563200,2016-04-18,4157.0
8378563200,2016-04-19,4092.0
8378563200,2016-04-20,3787.0
8378563200,2016-04-21,4236.0
8378563200,2016-04-22,4044.0
8378563200,2016-04-23,2908.0
8378563200,2016-04-24,2741.0
8378563200,2016-04-25,4005.0
8378563200,2016-04-26,3763.0
8378563200,2016-04-27,3061.0
8378563200,2016-04-28,2884.0
8378563200,2016-04-29,2982.0
8378563200,2016-04-30,2660.0
8378563200,2016-05-01,3369.0
8378563200,2016-05-02,3491.0
8378563200,2016-05-03,3784.0
8378563200,2016-05-04,3110.0
8378563200,2016-05-05,3783.0
8378563200,2016-05-06,3644.0
8378563200,2016-05-07,2799.0
8378563200,2016-05-08,2685.0
8378563200,2016-05-09,3721.0
8378563200,2016-05-10,3586.0
8378563200,2016-05-11,3788.0
8378563200,2016-05-12,1976.0
8583815059,2016-04-12,2650.0
8583815059,2016-04-13,2654.0
8583815059,2016-04-14,2443.0
8583815059,2016-04-15,2505.0
8583815059,2016-04-16,2693.0
8583815059,2016-04-17,2439.0
8583815059,2016-04-18,2536.0
8583815059,2016-04-19,2668.0
8583815059,2016-04-20,2647.0
8583815059,2016-04-21,2883.0
8583815059,2016-04-22,2944.0
8583815059,2016-04-23,3012.0
8583815059,2016-04-24,2889.0
8583815059,2016-04-25,2547.0
8583815059,2016-04-26,3093.0
8583815059,2016-04-27,3142.0
8583815059,2016-04-28,2757.0
8583815059,2016-04-29,3513.0
8583815059,2016-04-30,3164.0
8583815059,2016-05-01,2596.0
8583815059,2016-05-02,2894.0
8583815059,2016-05-03,3212.0
8583815059,2016-05-04,2516.0
8583815059,2016-05-05,3266.0
8583815059,2016-05-06,2683.0
8583815059,2016-05-07,2810.0
8583815059,2016-05-08,2940.0
8583815059,2016-05-09,2947.0
8583815059,2016-05-10,2846.0
8583815059,2016-05-11,2804.0
8583815059,2016-05-12,0.0
8792009665,2016-04-12,2044.0
8792009665,2016-04-13,1934.0
8792009665,2016-04-14,1963.0
8792009665,2016-04-15,2009.0
8792009665,2016-04-16,1721.0
8792009665,2016-04-17,1688.0
8792009665,2016-04-18,1688.0
8792009665,2016-04-19,1688.0
8792009665,2016-04-20,2188.0
8792009665,2016-04-21,1720.0
8792009665,2016-04-22,2419.0
8792009665,2016-04-23,2748.0
8792009665,2016-04-24,1799.0
8792009665,2016-04-25,1688.0
8792009665,2016-04-26,1928.0
8792009665,2016-04-27,2067.0
8792009665,2016-04-28,2780.0
8792009665,2016-04-29,3101.0
8792009665,2016-04-30,2896.0
8792009665,2016-05-01,1962.0
8792009665,2016-05-02,2015.0
8792009665,2016-05-03,2297.0
8792009665,2016-05-04,2067.0
8792009665,2016-05-05,1688.0
8792009665,2016-05-06,1688.0
8792009665,2016-05-07,1688.0
8792009665,2016-05-08,1688.0
8792009665,2016-05-09,1688.0
8792009665,2016-05-10,57.0
8877689391,2016-04-12,3921.0
8877689391,2016-04-13,3566.0
8877689391,2016-04-14,3793.0
8877689391,2016-04-15,3934.0
8877689391,2016-04-16,4547.0
8877689391,2016-04-17,3545.0
8877689391,2016-04-18,2761.0
8877689391,2016-04-19,3676.0
8877689391,2016-04-20,3679.0
8877689391,2016-04-21,3659.0
8877689391,2016-04-22,3427.0
8877689391,2016-04-23,3891.0
8877689391,2016-04-24,3455.0
8877689391,2016-04-25,3802.0
8877689391,2016-04-26,2860.0
8877689391,2016-04-27,3808.0
8877689391,2016-04-28,3060.0
8877689391,2016-04-29,2698.0
8877689391,2016-04-30,4398.0
8877689391,2016-05-01,2786.0
8877689391,2016-05-02,2189.0
8877689391,2016-05-03,2817.0
8877689391,2016-05-04,3477.0
8877689391,2016-05-05,3052.0
8877689391,2016-05-06,4015.0
8877689391,2016-05-07,4142.0
8877689391,2016-05-08,2847.0
8877689391,2016-05-09,3710.0
8877689391,2016-05-10,2832.0
8877689391,2016-05-11,3832.0
8877689391,2016-05-12,1849.0
