id,sleepday,totalsleeprecords,totalminutesasleep,totaltimeinbed
1503960366,2016-04-12,1.0,327.0,346.0
1503960366,2016-04-13,2.0,384.0,407.0
1503960366,2016-04-15,1.0,412.0,442.0
1503960366,2016-04-16,2.0,340.0,367.0
1503960366,2016-04-17,1.0,700.0,712.0
1503960366,2016-04-19,1.0,304.0,320.0
1503960366,2016-04-20,1.0,360.0,377.0
1503960366,2016-04-21,1.0,325.0,364.0
1503960366,2016-04-23,1.0,361.0,384.0
1503960366,2016-04-24,1.0,430.0,449.0
1503960366,2016-04-25,1.0,277.0,323.0
1503960366,2016-04-26,1.0,245.0,274.0
1503960366,2016-04-28,1.0,366.0,393.0
1503960366,2016-04-29,1.0,341.0,354.0
1503960366,2016-04-30,1.0,404.0,425.0
1503960366,2016-05-01,1.0,369.0,396.0
1503960366,2016-05-02,1.0,277.0,309.0
1503960366,2016-05-03,1.0,273.0,296.0
1503960366,2016-05-05,1.0,247.0,264.0
1503960366,2016-05-06,1.0,334.0,367.0
1503960366,2016-05-07,1.0,331.0,349.0
1503960366,2016-05-08,1.0,594.0,611.0
1503960366,2016-05-09,1.0,338.0,342.0
1503960366,2016-05-10,1.0,383.0,403.0
1503960366,2016-05-11,1.0,285.0,306.0
1644430081,2016-04-29,1.0,119.0,127.0
1644430081,2016-04-30,1.0,124.0,142.0
1644430081,2016-05-02,1.0,796.0,961.0
1644430081,2016-05-08,1.0,137.0,154.0
1844505072,2016-04-15,1.0,644.0,961.0
1844505072,2016-04-30,1.0,722.0,961.0
1844505072,2016-05-01,1.0,590.0,961.0
1927972279,2016-04-12,3.0,750.0,775.0
1927972279,2016-04-13,1.0,398.0,422.0
1927972279,2016-04-15,2.0,475.0,499.0
1927972279,2016-04-26,1.0,296.0,315.0
1927972279,2016-04-28,1.0,166.0,178.0
2026352035,2016-04-12,1.0,503.0,546.0
2026352035,2016-04-13,1.0,531.0,565.0
2026352035,2016-04-14,1.0,545.0,568.0
2026352035,2016-04-15,1.0,523.0,573.0
2026352035,2016-04-16,1.0,524.0,567.0
2026352035,2016-04-17,1.0,437.0,498.0
2026352035,2016-04-19,1.0,498.0,540.0
2026352035,2016-04-20,1.0,461.0,510.0
2026352035,2016-04-21,1.0,477.0,514.0
2026352035,2016-04-22,1.0,520.0,545.0
2026352035,2016-04-23,1.0,522.0,554.0
2026352035,2016-04-24,1.0,555.0,591.0
2026352035,2016-04-25,1.0,506.0,531.0
2026352035,2016-04-27,1.0,508.0,545.0
2026352035,2016-04-28,1.0,513.0,545.0
2026352035,2016-04-29,1.0,490.0,510.0
2026352035,2016-04-30,1.0,573.0,607.0
2026352035,2016-05-01,1.0,527.0,546.0
2026352035,2016-05-02,1.0,511.0,543.0
2026352035,2016-05-04,1.0,538.0,560.0
2026352035,2016-05-05,1.0,468.0,485.0
2026352035,2016-05-06,1.0,524.0,548.0
2026352035,2016-05-07,1.0,511.0,521.0
2026352035,2016-05-08,1.0,541.0,568.0
2026352035,2016-05-09,1.0,531.0,556.0
2026352035,2016-05-10,1.0,357.0,380.0
2026352035,2016-05-11,1.0,523.0,553.0
2026352035,2016-05-12,1.0,456.0,485.0
2320127002,2016-04-23,1.0,61.0,69.0
2347167796,2016-04-13,1.0,467.0,531.0
2347167796,2016-04-14,1.0,445.0,489.0
2347167796,2016-04-15,1.0,452.0,504.0
2347167796,2016-04-17,1.0,556.0,602.0
2347167796,2016-04-18,1.0,500.0,557.0
2347167796,2016-04-19,1.0,465.0,514.0
2347167796,2016-04-21,1.0,460.0,484.0
2347167796,2016-04-22,1.0,405.0,461.0
2347167796,2016-04-23,1.0,374.0,386.0
2347167796,2016-04-24,1.0,442.0,459.0
2347167796,2016-04-25,1.0,433.0,471.0
2347167796,2016-04-26,1.0,436.0,490.0
2347167796,2016-04-27,1.0,448.0,499.0
2347167796,2016-04-28,1.0,408.0,450.0
2347167796,2016-04-29,1.0,411.0,473.0
3977333714,2016-04-12,1.0,274.0,469.0
3977333714,2016-04-13,2.0,295.0,456.0
3977333714,2016-04-14,1.0,291.0,397.0
3977333714,2016-04-15,1.0,424.0,556.0
3977333714,2016-04-16,1.0,283.0,510.0
3977333714,2016-04-17,1.0,381.0,566.0
3977333714,2016-04-18,2.0,412.0,522.0
3977333714,2016-04-19,1.0,219.0,395.0
3977333714,2016-04-20,2.0,152.0,305.0
3977333714,2016-04-21,1.0,332.0,512.0
3977333714,2016-04-22,1.0,355.0,476.0
3977333714,2016-04-23,1.0,235.0,372.0
3977333714,2016-04-24,1.0,310.0,526.0
3977333714,2016-04-25,1.0,262.0,467.0
3977333714,2016-04-26,1.0,250.0,371.0
3977333714,2016-04-27,1.0,349.0,540.0
3977333714,2016-04-28,1.0,261.0,423.0
3977333714,2016-04-29,1.0,333.0,478.0
3977333714,2016-04-30,1.0,237.0,382.0
3977333714,2016-05-01,1.0,383.0,626.0
3977333714,2016-05-02,1.0,230.0,384.0
3977333714,2016-05-03,1.0,292.0,500.0
3977333714,2016-05-04,1.0,213.0,336.0
3977333714,2016-05-05,1.0,318.0,480.0
3977333714,2016-05-06,1.0,323.0,512.0
3977333714,2016-05-07,1.0,237.0,443.0
3977333714,2016-05-08,2.0,259.0,456.0
3977333714,2016-05-10,1.0,312.0,452.0
4020332650,2016-04-12,1.0,501.0,541.0
4020332650,2016-04-16,1.0,77.0,77.0
4020332650,2016-05-03,1.0,322.0,332.0
4020332650,2016-05-04,1.0,478.0,536.0
4020332650,2016-05-05,1.0,226.0,248.0
4020332650,2016-05-06,1.0,385.0,408.0
4020332650,2016-05-08,1.0,364.0,402.0
4020332650,2016-05-10,1.0,442.0,494.0
4319703577,2016-04-14,1.0,535.0,557.0
4319703577,2016-04-15,1.0,465.0,491.0
4319703577,2016-04-16,1.0,506.0,522.0
4319703577,2016-04-18,1.0,515.0,551.0
4319703577,2016-04-19,2.0,461.0,498.0
4319703577,2016-04-20,1.0,523.0,543.0
4319703577,2016-04-21,1.0,59.0,65.0
4319703577,2016-04-22,1.0,533.0,550.0
4319703577,2016-04-23,1.0,692.0,722.0
4319703577,2016-04-24,1.0,467.0,501.0
4319703577,2016-04-25,1.0,488.0,506.0
4319703577,2016-04-26,1.0,505.0,516.0
4319703577,2016-04-27,1.0,286.0,307.0
4319703577,2016-04-28,1.0,497.0,522.0
4319703577,2016-04-29,1.0,523.0,546.0
4319703577,2016-04-30,1.0,490.0,516.0
4319703577,2016-05-01,1.0,484.0,500.0
4319703577,2016-05-02,1.0,478.0,506.0
4319703577,2016-05-03,1.0,474.0,512.0
4319703577,2016-05-06,1.0,450.0,491.0
4319703577,2016-05-07,1.0,507.0,530.0
4319703577,2016-05-08,1.0,602.0,638.0
4319703577,2016-05-09,1.0,535.0,565.0
4319703577,2016-05-10,1.0,487.0,517.0
4319703577,2016-05-11,1.0,529.0,558.0
4319703577,2016-05-12,1.0,302.0,321.0
4388161847,2016-04-15,1.0,499.0,526.0
4388161847,2016-04-16,2.0,426.0,448.0
4388161847,2016-04-17,2.0,619.0,641.0
4388161847,2016-04-18,1.0,99.0,104.0
4388161847,2016-04-19,1.0,329.0,338.0
4388161847,2016-04-20,1.0,421.0,451.0
4388161847,2016-04-21,1.0,442.0,458.0
4388161847,2016-04-22,1.0,82.0,85.0
4388161847,2016-04-23,1.0,478.0,501.0
4388161847,2016-04-24,3.0,552.0,595.0
4388161847,2016-04-26,1.0,319.0,346.0
4388161847,2016-04-27,1.0,439.0,500.0
4388161847,2016-04-28,1.0,428.0,458.0
4388161847,2016-04-30,2.0,409.0,430.0
4388161847,2016-05-01,1.0,547.0,597.0
4388161847,2016-05-02,2.0,368.0,376.0
4388161847,2016-05-04,1.0,390.0,414.0
4388161847,2016-05-05,1.0,471.0,495.0
4388161847,2016-05-07,1.0,472.0,496.0
4388161847,2016-05-08,2.0,529.0,541.0
4388161847,2016-05-09,1.0,62.0,65.0
4388161847,2016-05-10,1.0,354.0,375.0
4388161847,2016-05-11,1.0,469.0,494.0
4445114986,2016-04-12,2.0,429.0,457.0
4445114986,2016-04-13,2.0,370.0,406.0
4445114986,2016-04-14,1.0,441.0,492.0
4445114986,2016-04-15,2.0,337.0,379.0
4445114986,2016-04-16,1.0,462.0,499.0
4445114986,2016-04-17,1.0,98.0,107.0
4445114986,2016-04-19,2.0,388.0,424.0
4445114986,2016-04-20,1.0,439.0,462.0
4445114986,2016-04-21,1.0,436.0,469.0
4445114986,2016-04-22,1.0,388.0,417.0
4445114986,2016-04-25,1.0,328.0,345.0
4445114986,2016-04-26,2.0,353.0,391.0
4445114986,2016-04-27,1.0,332.0,374.0
4445114986,2016-04-28,1.0,419.0,442.0
4445114986,2016-04-29,1.0,106.0,108.0
4445114986,2016-04-30,1.0,322.0,353.0
4445114986,2016-05-01,2.0,439.0,459.0
4445114986,2016-05-02,1.0,502.0,542.0
4445114986,2016-05-03,2.0,417.0,450.0
4445114986,2016-05-04,2.0,337.0,363.0
4445114986,2016-05-05,2.0,462.0,513.0
4445114986,2016-05-06,2.0,374.0,402.0
4445114986,2016-05-07,2.0,401.0,436.0
4445114986,2016-05-08,1.0,361.0,391.0
4445114986,2016-05-09,1.0,457.0,533.0
4445114986,2016-05-10,1.0,405.0,426.0
4445114986,2016-05-11,1.0,499.0,530.0
4445114986,2016-05-12,1.0,483.0,501.0
4558609924,2016-04-21,1.0,126.0,137.0
4558609924,2016-04-26,1.0,103.0,121.0
4558609924,2016-04-29,1.0,171.0,179.0
4558609924,2016-05-01,1.0,115.0,129.0
4558609924,2016-05-08,1.0,123.0,134.0
4702921684,2016-04-12,1.0,425.0,439.0
4702921684,2016-04-13,2.0,400.0,430.0
4702921684,2016-04-14,1.0,384.0,415.0
4702921684,2016-04-15,1.0,253.0,257.0
4702921684,2016-04-16,2.0,382.0,406.0
4702921684,2016-04-17,1.0,591.0,612.0
4702921684,2016-04-18,1.0,293.0,312.0
4702921684,2016-04-19,1.0,457.0,487.0
4702921684,2016-04-20,1.0,454.0,468.0
4702921684,2016-04-21,1.0,425.0,434.0
4702921684,2016-04-23,1.0,465.0,475.0
4702921684,2016-04-24,1.0,480.0,506.0
4702921684,2016-04-25,1.0,370.0,380.0
4702921684,2016-04-26,1.0,421.0,429.0
4702921684,2016-04-27,1.0,432.0,449.0
4702921684,2016-04-28,1.0,442.0,461.0
4702921684,2016-04-29,1.0,433.0,447.0
4702921684,2016-04-30,1.0,479.0,501.0
4702921684,2016-05-03,1.0,327.0,373.0
4702921684,2016-05-04,1.0,412.0,434.0
4702921684,2016-05-05,1.0,414.0,428.0
4702921684,2016-05-06,1.0,404.0,449.0
4702921684,2016-05-07,1.0,520.0,543.0
4702921684,2016-05-09,1.0,435.0,458.0
4702921684,2016-05-10,1.0,416.0,431.0
4702921684,2016-05-11,1.0,354.0,366.0
4702921684,2016-05-12,1.0,404.0,442.0
5553957443,2016-04-12,1.0,441.0,464.0
5553957443,2016-04-13,2.0,455.0,488.0
5553957443,2016-04-14,1.0,357.0,418.0
5553957443,2016-04-15,1.0,377.0,409.0
5553957443,2016-04-16,2.0,651.0,686.0
5553957443,2016-04-17,1.0,350.0,402.0
5553957443,2016-04-18,2.0,520.0,541.0
5553957443,2016-04-19,1.0,357.0,410.0
5553957443,2016-04-20,1.0,658.0,678.0
5553957443,2016-04-21,1.0,399.0,431.0
5553957443,2016-04-22,1.0,322.0,353.0
5553957443,2016-04-23,2.0,631.0,725.0
5553957443,2016-04-24,2.0,553.0,640.0
5553957443,2016-04-25,1.0,433.0,468.0
5553957443,2016-04-26,1.0,412.0,453.0
5553957443,2016-04-27,1.0,347.0,391.0
5553957443,2016-04-28,1.0,421.0,457.0
5553957443,2016-04-29,1.0,450.0,495.0
5553957443,2016-04-30,2.0,775.0,843.0
5553957443,2016-05-01,2.0,622.0,686.0
5553957443,2016-05-02,1.0,409.0,471.0
5553957443,2016-05-03,1.0,380.0,429.0
5553957443,2016-05-04,1.0,447.0,470.0
5553957443,2016-05-05,1.0,419.0,464.0
5553957443,2016-05-06,1.0,400.0,434.0
5553957443,2016-05-07,1.0,442.0,470.0
5553957443,2016-05-08,1.0,568.0,608.0
5553957443,2016-05-09,1.0,453.0,494.0
5553957443,2016-05-10,1.0,418.0,443.0
5553957443,2016-05-11,1.0,463.0,486.0
5553957443,2016-05-12,1.0,438.0,475.0
5577150313,2016-04-12,1.0,419.0,438.0
5577150313,2016-04-13,1.0,432.0,458.0
5577150313,2016-04-14,1.0,477.0,497.0
5577150313,2016-04-15,1.0,392.0,413.0
5577150313,2016-04-16,1.0,406.0,445.0
5577150313,2016-04-17,1.0,549.0,583.0
5577150313,2016-04-18,1.0,527.0,553.0
5577150313,2016-04-19,1.0,449.0,465.0
5577150313,2016-04-20,1.0,447.0,480.0
5577150313,2016-04-21,1.0,414.0,437.0
5577150313,2016-04-22,1.0,338.0,366.0
5577150313,2016-04-23,1.0,384.0,402.0
5577150313,2016-04-24,1.0,543.0,615.0
5577150313,2016-04-25,1.0,421.0,461.0
5577150313,2016-04-26,1.0,354.0,377.0
5577150313,2016-04-27,1.0,424.0,452.0
5577150313,2016-04-28,1.0,361.0,372.0
5577150313,2016-04-29,1.0,459.0,485.0
5577150313,2016-04-30,1.0,412.0,433.0
5577150313,2016-05-01,1.0,379.0,398.0
5577150313,2016-05-02,2.0,525.0,553.0
5577150313,2016-05-03,1.0,508.0,543.0
5577150313,2016-05-04,1.0,603.0,634.0
5577150313,2016-05-05,1.0,74.0,78.0
5577150313,2016-05-10,1.0,504.0,562.0
5577150313,2016-05-11,1.0,431.0,476.0
6117666160,2016-04-16,1.0,380.0,398.0
6117666160,2016-04-17,2.0,336.0,350.0
6117666160,2016-04-18,2.0,493.0,510.0
6117666160,2016-04-19,1.0,465.0,492.0
6117666160,2016-04-20,1.0,474.0,502.0
6117666160,2016-04-21,1.0,508.0,550.0
6117666160,2016-04-22,1.0,480.0,546.0
6117666160,2016-04-23,1.0,492.0,539.0
6117666160,2016-04-24,1.0,353.0,367.0
6117666160,2016-04-27,1.0,542.0,557.0
6117666160,2016-04-28,1.0,393.0,416.0
6117666160,2016-04-29,1.0,600.0,636.0
6117666160,2016-05-01,1.0,507.0,575.0
6117666160,2016-05-05,1.0,392.0,415.0
6117666160,2016-05-06,2.0,658.0,698.0
6117666160,2016-05-07,2.0,498.0,507.0
6117666160,2016-05-08,1.0,555.0,603.0
6117666160,2016-05-09,1.0,492.0,522.0
6775888955,2016-04-13,1.0,235.0,260.0
6775888955,2016-04-14,1.0,423.0,441.0
6775888955,2016-04-15,1.0,391.0,406.0
6962181067,2016-04-12,1.0,366.0,387.0
6962181067,2016-04-13,3.0,630.0,679.0
6962181067,2016-04-14,2.0,508.0,535.0
6962181067,2016-04-15,1.0,370.0,386.0
6962181067,2016-04-16,1.0,357.0,366.0
6962181067,2016-04-17,1.0,427.0,446.0
6962181067,2016-04-18,1.0,442.0,458.0
6962181067,2016-04-19,1.0,476.0,535.0
6962181067,2016-04-20,1.0,418.0,424.0
6962181067,2016-04-21,1.0,451.0,457.0
6962181067,2016-04-22,1.0,425.0,435.0
6962181067,2016-04-23,1.0,528.0,546.0
6962181067,2016-04-24,1.0,511.0,514.0
6962181067,2016-04-25,1.0,400.0,415.0
6962181067,2016-04-26,1.0,441.0,446.0
6962181067,2016-04-27,1.0,455.0,467.0
6962181067,2016-04-28,1.0,440.0,453.0
6962181067,2016-04-29,1.0,433.0,447.0
6962181067,2016-04-30,1.0,422.0,424.0
6962181067,2016-05-01,1.0,411.0,426.0
6962181067,2016-05-02,1.0,466.0,482.0
6962181067,2016-05-03,1.0,394.0,418.0
6962181067,2016-05-04,1.0,442.0,455.0
6962181067,2016-05-05,1.0,467.0,491.0
6962181067,2016-05-06,1.0,443.0,462.0
6962181067,2016-05-07,1.0,298.0,334.0
6962181067,2016-05-08,1.0,541.0,569.0
6962181067,2016-05-09,1.0,489.0,497.0
6962181067,2016-05-10,1.0,469.0,481.0
6962181067,2016-05-11,1.0,452.0,480.0
6962181067,2016-05-12,1.0,516.0,535.0
7007744171,2016-04-16,1.0,79.0,82.0
7007744171,2016-05-01,1.0,58.0,61.0
7086361926,2016-04-12,1.0,514.0,525.0
7086361926,2016-04-13,1.0,451.0,465.0
7086361926,2016-04-14,1.0,472.0,476.0
7086361926,2016-04-15,1.0,377.0,386.0
7086361926,2016-04-19,1.0,472.0,483.0
7086361926,2016-04-20,1.0,492.0,502.0
7086361926,2016-04-21,1.0,390.0,411.0
7086361926,2016-04-22,1.0,428.0,448.0
7086361926,2016-04-24,1.0,681.0,704.0
7086361926,2016-04-25,1.0,446.0,447.0
7086361926,2016-04-26,1.0,485.0,500.0
7086361926,2016-04-27,1.0,469.0,479.0
7086361926,2016-04-28,1.0,354.0,367.0
7086361926,2016-04-30,1.0,485.0,489.0
7086361926,2016-05-01,1.0,388.0,407.0
7086361926,2016-05-02,1.0,440.0,459.0
7086361926,2016-05-03,1.0,456.0,461.0
7086361926,2016-05-04,1.0,420.0,436.0
7086361926,2016-05-06,1.0,322.0,333.0
7086361926,2016-05-07,1.0,530.0,548.0
7086361926,2016-05-08,1.0,481.0,510.0
7086361926,2016-05-09,1.0,427.0,438.0
7086361926,2016-05-11,1.0,451.0,463.0
7086361926,2016-05-12,1.0,444.0,457.0
8053475328,2016-04-20,1.0,486.0,493.0
8053475328,2016-04-23,1.0,331.0,337.0
8053475328,2016-05-07,1.0,74.0,75.0
8378563200,2016-04-12,1.0,338.0,356.0
8378563200,2016-04-13,2.0,447.0,487.0
8378563200,2016-04-14,1.0,424.0,455.0
8378563200,2016-04-15,1.0,513.0,533.0
8378563200,2016-04-16,2.0,611.0,689.0
8378563200,2016-04-17,2.0,525.0,591.0
8378563200,2016-04-18,1.0,398.0,451.0
8378563200,2016-04-19,1.0,387.0,421.0
8378563200,2016-04-20,1.0,381.0,409.0
8378563200,2016-04-21,1.0,396.0,417.0
8378563200,2016-04-22,1.0,441.0,469.0
8378563200,2016-04-23,1.0,565.0,591.0
8378563200,2016-04-24,1.0,458.0,492.0
8378563200,2016-04-25,1.0,388.0,402.0
8378563200,2016-04-26,1.0,550.0,584.0
8378563200,2016-04-27,1.0,531.0,600.0
8378563200,2016-04-28,1.0,506.0,556.0
8378563200,2016-04-29,1.0,527.0,562.0
8378563200,2016-04-30,1.0,468.0,555.0
8378563200,2016-05-01,1.0,475.0,539.0
8378563200,2016-05-02,1.0,351.0,385.0
8378563200,2016-05-03,1.0,405.0,429.0
8378563200,2016-05-04,1.0,441.0,477.0
8378563200,2016-05-05,1.0,381.0,417.0
8378563200,2016-05-06,1.0,323.0,355.0
8378563200,2016-05-07,2.0,459.0,513.0
8378563200,2016-05-08,1.0,545.0,606.0
8378563200,2016-05-09,1.0,359.0,399.0
8378563200,2016-05-10,1.0,342.0,391.0
8378563200,2016-05-11,1.0,368.0,387.0
8378563200,2016-05-12,1.0,496.0,546.0
8792009665,2016-04-12,1.0,458.0,493.0
8792009665,2016-04-13,1.0,531.0,552.0
8792009665,2016-04-14,1.0,486.0,503.0
8792009665,2016-04-15,1.0,363.0,377.0
8792009665,2016-04-20,1.0,528.0,547.0
8792009665,2016-04-22,1.0,391.0,407.0
8792009665,2016-04-23,1.0,339.0,360.0
8792009665,2016-04-27,1.0,423.0,428.0
8792009665,2016-04-28,1.0,402.0,416.0
8792009665,2016-04-29,1.0,398.0,406.0
8792009665,2016-04-30,1.0,343.0,360.0
8792009665,2016-05-01,1.0,503.0,527.0
8792009665,2016-05-02,1.0,415.0,423.0
8792009665,2016-05-03,1.0,516.0,545.0
8792009665,2016-05-04,1.0,439.0,463.0
