hour,avg_intensity,avg_average_intensity
0,2.1295503211991433,0.035492523554603854
1,1.4190782422293677,0.023651327974276527
2,1.0439442658092175,0.017399091103965703
3,0.4437299035369775,0.007395518756698821
4,0.6330472103004292,0.010550801502145922
5,4.950643776824034,0.08251075107296137
6,7.771213748657358,0.12952024274973148
7,10.733619763694952,0.17889366917293234
8,14.668098818474759,0.24446832975295382
9,15.387755102040817,0.2564625875402793
10,17.643702906350914,0.2940617212055974
11,16.921251348435813,0.2820208608414239
12,19.8470715835141,0.330784521691974
13,18.775244299674267,0.3129207285559175
14,18.868621064060804,0.31447701954397395
15,15.584699453551913,0.259745
16,17.71664829106946,0.2952774707828004
17,21.655629139072847,0.3609271545253863
18,21.921633554083886,0.36536056732891836
19,21.38520971302428,0.35642015894039736
20,14.339955849889625,0.2389992792494481
21,12.07292817679558,0.2012154640883978
22,9.063053097345133,0.1510508882743363
23,4.996677740863787,0.08327797231450719
