id,avg_sedentary_minutes,avg_steps
1927972279,1317.4193548387098,916.1290322580645
6775888955,1299.423076923077,2519.6923076923076
8253242879,1287.3684210526317,6482.1578947368425
8583815059,1267.225806451613,7198.5161290322585
1624580081,1257.741935483871,5743.903225806452
4020332650,1237.258064516129,2267.2258064516127
2320127002,1220.0967741935483,4716.870967741936
4057192912,1217.25,3838.0
1844505072,1206.6129032258063,2580.064516129032
6290855005,1193.0344827586207,5649.551724137931
1644430081,1161.8666666666666,7282.966666666666
8053475328,1148.0,14763.290322580646
8877689391,1112.8709677419354,16040.032258064517
2022484408,1112.5806451612902,11370.645161290322
2873212765,1097.1935483870968,7555.774193548387
4558609924,1093.6129032258063,7685.129032258064
3372868164,1077.55,6861.65
8792009665,1060.4827586206898,1853.7241379310344
7007744171,1055.3461538461538,11323.423076923076
7086361926,850.4516129032259,9371.774193548386
1503960366,848.1612903225806,12116.741935483871
4388161847,836.6774193548387,10813.935483870968
4445114986,829.9032258064516,4796.548387096775
6117666160,796.2857142857143,7046.714285714285
4702921684,766.4193548387096,8572.064516129032
5577150313,754.4333333333333,8304.433333333332
4319703577,735.8064516129032,7268.8387096774195
8378563200,716.1290322580645,8717.709677419354
3977333714,707.5333333333333,10984.566666666668
2026352035,689.4193548387096,5566.870967741936
2347167796,687.1666666666666,9519.666666666666
5553957443,668.3548387096774,8612.58064516129
6962181067,662.3225806451613,9794.806451612903
