id,avg_sleep_hours,avg_bed_hours
1503960366,6.004666666666667,6.386666666666667
1644430081,4.9,5.766666666666667
1844505072,10.866666666666667,16.016666666666666
1927972279,6.95,7.296666666666667
2026352035,8.436309523809523,8.960714285714285
2320127002,1.0166666666666666,1.15
2347167796,7.446666666666667,8.188888888888888
3977333714,4.894047619047619,7.685714285714285
4020332650,5.822916666666666,6.329166666666667
4319703577,7.944230769230769,8.366025641025642
4388161847,6.6695652173913045,7.053623188405798
4445114986,6.419642857142857,6.94702380952381
4558609924,2.1266666666666665,2.333333333333333
4702921684,6.958024691358025,7.303703703703703
5553957443,7.724731182795699,8.431182795698925
5577150313,7.199999999999999,7.676923076923076
6117666160,7.979629629629629,8.502777777777778
6775888955,5.827777777777778,6.1499999999999995
6962181067,7.466666666666667,7.768817204301076
7007744171,1.1416666666666666,1.1916666666666667
7086361926,7.552083333333333,7.773611111111111
8053475328,4.95,5.027777777777778
8378563200,7.418817204301075,8.098924731182796
8792009665,7.261111111111111,7.5633333333333335
