id,avg_sleep_hours,avg_steps
1503960366,6.004666666666667,12405.68
1644430081,4.9,7967.75
1844505072,10.866666666666667,3477.0
1927972279,6.95,1490.0
2026352035,8.436309523809523,5618.678571428572
2320127002,1.0166666666666666,5079.0
2347167796,7.446666666666667,8533.2
3977333714,4.894047619047619,11218.0
4020332650,5.822916666666666,6596.75
4319703577,7.944230769230769,7125.423076923077
4388161847,6.6695652173913045,11034.347826086956
4445114986,6.419642857142857,4756.178571428572
4558609924,2.1266666666666665,8139.0
4702921684,6.958024691358025,9035.851851851852
5553957443,7.724731182795699,8612.58064516129
5577150313,7.199999999999999,9260.076923076924
6117666160,7.979629629629629,8823.833333333334
6775888955,5.827777777777778,3499.0
6962181067,7.466666666666667,9794.806451612903
7007744171,1.1416666666666666,5115.5
7086361926,7.552083333333333,10290.5
8053475328,4.95,19078.666666666668
8378563200,7.418817204301075,8717.709677419354
8792009665,7.261111111111111,3443.266666666667
