id,avg_steps,avg_calories,activity_level
8877689391,16040.032258064517,3420.2580645161293,Highly Active
8053475328,14763.290322580646,2945.8064516129034,Highly Active
1503960366,12116.741935483871,1816.4193548387098,Highly Active
2022484408,11370.645161290322,2509.967741935484,Highly Active
7007744171,11323.423076923076,2544.0,Highly Active
3977333714,10984.566666666668,1513.6666666666667,Highly Active
4388161847,10813.935483870968,3093.8709677419356,Highly Active
6962181067,9794.806451612903,1982.032258064516,Active
2347167796,9519.666666666666,2043.4444444444443,Active
7086361926,9371.774193548386,2566.3548387096776,Active
